tig00000142_first5kb	gi|2572818540|gb|CP130697.1|	99.197	2491	0.0	4484	100	Schizosaccharomyces versatilis (nom. inval.) strain CBS 103 chromosome 1
tig00000142_first5kb	gi|2572818540|gb|CP130697.1|	99.197	2491	0.0	4484	100	Schizosaccharomyces versatilis (nom. inval.) strain CBS 103 chromosome 1
tig00000142_first5kb	gi|2572818540|gb|CP130697.1|	99.038	2496	0.0	4466	100	Schizosaccharomyces versatilis (nom. inval.) strain CBS 103 chromosome 1
tig00000142_first5kb	gi|2572818540|gb|CP130697.1|	98.999	2497	0.0	4462	100	Schizosaccharomyces versatilis (nom. inval.) strain CBS 103 chromosome 1
tig00000142_first5kb	gi|2572818540|gb|CP130697.1|	98.999	2497	0.0	4462	100	Schizosaccharomyces versatilis (nom. inval.) strain CBS 103 chromosome 1
tig00000142_first5kb	gi|2572818540|gb|CP130697.1|	98.999	2497	0.0	4462	100	Schizosaccharomyces versatilis (nom. inval.) strain CBS 103 chromosome 1
tig00000142_first5kb	gi|2572818540|gb|CP130697.1|	98.999	2497	0.0	4462	100	Schizosaccharomyces versatilis (nom. inval.) strain CBS 103 chromosome 1
tig00000142_first5kb	gi|2572818540|gb|CP130697.1|	98.999	2497	0.0	4462	100	Schizosaccharomyces versatilis (nom. inval.) strain CBS 103 chromosome 1
tig00000142_first5kb	gi|2572818540|gb|CP130697.1|	98.999	2497	0.0	4462	100	Schizosaccharomyces versatilis (nom. inval.) strain CBS 103 chromosome 1
tig00000142_first5kb	gi|2572818540|gb|CP130697.1|	98.999	2497	0.0	4462	100	Schizosaccharomyces versatilis (nom. inval.) strain CBS 103 chromosome 1
tig00000142_first5kb	gi|2572818540|gb|CP130697.1|	98.998	2496	0.0	4460	100	Schizosaccharomyces versatilis (nom. inval.) strain CBS 103 chromosome 1
tig00000142_first5kb	gi|2572818540|gb|CP130697.1|	98.959	2498	0.0	4457	100	Schizosaccharomyces versatilis (nom. inval.) strain CBS 103 chromosome 1
tig00000142_first5kb	gi|2572818540|gb|CP130697.1|	98.959	2497	0.0	4457	100	Schizosaccharomyces versatilis (nom. inval.) strain CBS 103 chromosome 1
tig00000142_first5kb	gi|2572818540|gb|CP130697.1|	98.959	2498	0.0	4457	100	Schizosaccharomyces versatilis (nom. inval.) strain CBS 103 chromosome 1
tig00000142_first5kb	gi|2572818540|gb|CP130697.1|	98.956	2491	0.0	4446	100	Schizosaccharomyces versatilis (nom. inval.) strain CBS 103 chromosome 1
tig00000142_first5kb	gi|2572818540|gb|CP130697.1|	98.956	2491	0.0	4446	100	Schizosaccharomyces versatilis (nom. inval.) strain CBS 103 chromosome 1
tig00000142_first5kb	gi|2572818540|gb|CP130697.1|	98.956	2491	0.0	4446	100	Schizosaccharomyces versatilis (nom. inval.) strain CBS 103 chromosome 1
tig00000142_first5kb	gi|2572818540|gb|CP130697.1|	98.916	2491	0.0	4440	100	Schizosaccharomyces versatilis (nom. inval.) strain CBS 103 chromosome 1
tig00000142_first5kb	gi|2572818540|gb|CP130697.1|	98.761	2503	0.0	4434	100	Schizosaccharomyces versatilis (nom. inval.) strain CBS 103 chromosome 1
tig00000142_first5kb	gi|2572818540|gb|CP130697.1|	98.761	2503	0.0	4434	100	Schizosaccharomyces versatilis (nom. inval.) strain CBS 103 chromosome 1
tig00000142_first5kb	gi|2572818540|gb|CP130697.1|	98.761	2503	0.0	4434	100	Schizosaccharomyces versatilis (nom. inval.) strain CBS 103 chromosome 1
tig00000142_first5kb	gi|2572818540|gb|CP130697.1|	98.761	2503	0.0	4434	100	Schizosaccharomyces versatilis (nom. inval.) strain CBS 103 chromosome 1
tig00000142_first5kb	gi|2572818540|gb|CP130697.1|	98.761	2503	0.0	4434	100	Schizosaccharomyces versatilis (nom. inval.) strain CBS 103 chromosome 1
tig00000142_first5kb	gi|2572818540|gb|CP130697.1|	98.761	2503	0.0	4434	100	Schizosaccharomyces versatilis (nom. inval.) strain CBS 103 chromosome 1
tig00000142_first5kb	gi|2572818540|gb|CP130697.1|	98.761	2503	0.0	4434	100	Schizosaccharomyces versatilis (nom. inval.) strain CBS 103 chromosome 1
tig00000142_first5kb	gi|2572818540|gb|CP130697.1|	98.761	2503	0.0	4434	100	Schizosaccharomyces versatilis (nom. inval.) strain CBS 103 chromosome 1
tig00000142_first5kb	gi|2572818540|gb|CP130697.1|	98.761	2503	0.0	4434	100	Schizosaccharomyces versatilis (nom. inval.) strain CBS 103 chromosome 1
tig00000142_first5kb	gi|2572818540|gb|CP130697.1|	98.531	2518	0.0	4434	100	Schizosaccharomyces versatilis (nom. inval.) strain CBS 103 chromosome 1
tig00000142_first5kb	gi|2572818540|gb|CP130697.1|	98.531	2518	0.0	4434	100	Schizosaccharomyces versatilis (nom. inval.) strain CBS 103 chromosome 1
tig00000142_first5kb	gi|2572818540|gb|CP130697.1|	98.722	2503	0.0	4429	100	Schizosaccharomyces versatilis (nom. inval.) strain CBS 103 chromosome 1
tig00000142_first5kb	gi|2572818540|gb|CP130697.1|	98.722	2504	0.0	4429	100	Schizosaccharomyces versatilis (nom. inval.) strain CBS 103 chromosome 1
tig00000142_first5kb	gi|2572818540|gb|CP130697.1|	98.722	2504	0.0	4429	100	Schizosaccharomyces versatilis (nom. inval.) strain CBS 103 chromosome 1
tig00000142_first5kb	gi|2572818540|gb|CP130697.1|	98.722	2504	0.0	4429	100	Schizosaccharomyces versatilis (nom. inval.) strain CBS 103 chromosome 1
tig00000142_first5kb	gi|2572818540|gb|CP130697.1|	98.722	2504	0.0	4429	100	Schizosaccharomyces versatilis (nom. inval.) strain CBS 103 chromosome 1
tig00000142_first5kb	gi|2572818540|gb|CP130697.1|	98.722	2504	0.0	4429	100	Schizosaccharomyces versatilis (nom. inval.) strain CBS 103 chromosome 1
tig00000142_first5kb	gi|2572818540|gb|CP130697.1|	98.332	2518	0.0	4409	100	Schizosaccharomyces versatilis (nom. inval.) strain CBS 103 chromosome 1
tig00000142_first5kb	gi|2572818540|gb|CP130697.1|	98.486	2510	0.0	4401	100	Schizosaccharomyces versatilis (nom. inval.) strain CBS 103 chromosome 1
tig00000142_first5kb	gi|2572818540|gb|CP130697.1|	98.486	2510	0.0	4401	100	Schizosaccharomyces versatilis (nom. inval.) strain CBS 103 chromosome 1
tig00000142_first5kb	gi|2572818540|gb|CP130697.1|	98.486	2510	0.0	4401	100	Schizosaccharomyces versatilis (nom. inval.) strain CBS 103 chromosome 1
tig00000142_first5kb	gi|2572818540|gb|CP130697.1|	98.691	2444	0.0	4320	100	Schizosaccharomyces versatilis (nom. inval.) strain CBS 103 chromosome 1
tig00000142_first5kb	gi|2572818540|gb|CP130697.1|	99.029	1854	0.0	3319	100	Schizosaccharomyces versatilis (nom. inval.) strain CBS 103 chromosome 1
tig00000142_first5kb	gi|2572818540|gb|CP130697.1|	99.027	1849	0.0	3310	100	Schizosaccharomyces versatilis (nom. inval.) strain CBS 103 chromosome 1
tig00000142_first5kb	gi|2572818540|gb|CP130697.1|	99.027	1849	0.0	3310	100	Schizosaccharomyces versatilis (nom. inval.) strain CBS 103 chromosome 1
tig00000142_first5kb	gi|2572818540|gb|CP130697.1|	99.618	1571	0.0	2868	100	Schizosaccharomyces versatilis (nom. inval.) strain CBS 103 chromosome 1
tig00000142_first5kb	gi|2572818540|gb|CP130697.1|	98.535	1229	0.0	2165	100	Schizosaccharomyces versatilis (nom. inval.) strain CBS 103 chromosome 1
tig00000142_first5kb	gi|2572818540|gb|CP130697.1|	98.454	1229	0.0	2159	100	Schizosaccharomyces versatilis (nom. inval.) strain CBS 103 chromosome 1
tig00000142_first5kb	gi|2572818540|gb|CP130697.1|	97.841	1204	0.0	2078	100	Schizosaccharomyces versatilis (nom. inval.) strain CBS 103 chromosome 1
tig00000142_first5kb	gi|2572818540|gb|CP130697.1|	97.841	1204	0.0	2078	100	Schizosaccharomyces versatilis (nom. inval.) strain CBS 103 chromosome 1
tig00000142_first5kb	gi|2572818540|gb|CP130697.1|	98.938	1036	0.0	1845	100	Schizosaccharomyces versatilis (nom. inval.) strain CBS 103 chromosome 1
tig00000142_first5kb	gi|2572818540|gb|CP130697.1|	99.846	651	0.0	1197	100	Schizosaccharomyces versatilis (nom. inval.) strain CBS 103 chromosome 1
tig00000142_first5kb	gi|2572818540|gb|CP130697.1|	99.846	651	0.0	1197	100	Schizosaccharomyces versatilis (nom. inval.) strain CBS 103 chromosome 1
tig00000142_first5kb	gi|2572818540|gb|CP130697.1|	99.691	648	0.0	1186	100	Schizosaccharomyces versatilis (nom. inval.) strain CBS 103 chromosome 1
tig00000142_first5kb	gi|2572818540|gb|CP130697.1|	98.234	453	0.0	793	100	Schizosaccharomyces versatilis (nom. inval.) strain CBS 103 chromosome 1
tig00000142_first5kb	gi|2572818540|gb|CP130697.1|	98.234	453	0.0	793	100	Schizosaccharomyces versatilis (nom. inval.) strain CBS 103 chromosome 1
tig00000142_first5kb	gi|2572818540|gb|CP130697.1|	73.014	1901	4.34e-162	590	100	Schizosaccharomyces versatilis (nom. inval.) strain CBS 103 chromosome 1
tig00000142_first5kb	gi|2572818540|gb|CP130697.1|	72.682	1995	9.40e-159	579	100	Schizosaccharomyces versatilis (nom. inval.) strain CBS 103 chromosome 1
tig00000142_first5kb	gi|2572818540|gb|CP130697.1|	97.076	342	1.22e-157	575	100	Schizosaccharomyces versatilis (nom. inval.) strain CBS 103 chromosome 1
tig00000142_first5kb	gi|2572818540|gb|CP130697.1|	97.076	342	1.22e-157	575	100	Schizosaccharomyces versatilis (nom. inval.) strain CBS 103 chromosome 1
tig00000142_first5kb	gi|2572818540|gb|CP130697.1|	97.076	342	1.22e-157	575	100	Schizosaccharomyces versatilis (nom. inval.) strain CBS 103 chromosome 1
tig00000142_first5kb	gi|2572818540|gb|CP130697.1|	97.067	341	4.37e-157	573	100	Schizosaccharomyces versatilis (nom. inval.) strain CBS 103 chromosome 1
tig00000142_first5kb	gi|2572818540|gb|CP130697.1|	72.314	2001	7.37e-150	549	100	Schizosaccharomyces versatilis (nom. inval.) strain CBS 103 chromosome 1
tig00000142_first5kb	gi|2572818540|gb|CP130697.1|	95.601	341	9.53e-149	545	100	Schizosaccharomyces versatilis (nom. inval.) strain CBS 103 chromosome 1
tig00000142_first5kb	gi|2572818540|gb|CP130697.1|	95.601	341	9.53e-149	545	100	Schizosaccharomyces versatilis (nom. inval.) strain CBS 103 chromosome 1
tig00000142_first5kb	gi|2572818540|gb|CP130697.1|	95.601	341	9.53e-149	545	100	Schizosaccharomyces versatilis (nom. inval.) strain CBS 103 chromosome 1
tig00000142_first5kb	gi|2572818540|gb|CP130697.1|	95.601	341	9.53e-149	545	100	Schizosaccharomyces versatilis (nom. inval.) strain CBS 103 chromosome 1
tig00000142_first5kb	gi|2572818540|gb|CP130697.1|	90.291	309	2.18e-105	401	100	Schizosaccharomyces versatilis (nom. inval.) strain CBS 103 chromosome 1
tig00000142_first5kb	gi|2572818540|gb|CP130697.1|	90.291	309	2.18e-105	401	100	Schizosaccharomyces versatilis (nom. inval.) strain CBS 103 chromosome 1
tig00000142_first5kb	gi|2572818540|gb|CP130697.1|	90.991	222	1.06e-73	296	100	Schizosaccharomyces versatilis (nom. inval.) strain CBS 103 chromosome 1
tig00000142_first5kb	gi|2572818540|gb|CP130697.1|	86.853	251	3.84e-68	278	100	Schizosaccharomyces versatilis (nom. inval.) strain CBS 103 chromosome 1
tig00000142_first5kb	gi|2572818540|gb|CP130697.1|	86.853	251	3.84e-68	278	100	Schizosaccharomyces versatilis (nom. inval.) strain CBS 103 chromosome 1
tig00000142_first5kb	gi|2572818540|gb|CP130697.1|	86.853	251	3.84e-68	278	100	Schizosaccharomyces versatilis (nom. inval.) strain CBS 103 chromosome 1
tig00000142_first5kb	gi|2572818540|gb|CP130697.1|	86.853	251	3.84e-68	278	100	Schizosaccharomyces versatilis (nom. inval.) strain CBS 103 chromosome 1
tig00000142_first5kb	gi|2572818540|gb|CP130697.1|	86.853	251	3.84e-68	278	100	Schizosaccharomyces versatilis (nom. inval.) strain CBS 103 chromosome 1
tig00000142_first5kb	gi|2572818540|gb|CP130697.1|	86.853	251	3.84e-68	278	100	Schizosaccharomyces versatilis (nom. inval.) strain CBS 103 chromosome 1
tig00000142_first5kb	gi|2572818540|gb|CP130697.1|	86.853	251	3.84e-68	278	100	Schizosaccharomyces versatilis (nom. inval.) strain CBS 103 chromosome 1
tig00000142_first5kb	gi|2572818540|gb|CP130697.1|	86.853	251	3.84e-68	278	100	Schizosaccharomyces versatilis (nom. inval.) strain CBS 103 chromosome 1
tig00000142_first5kb	gi|2572818540|gb|CP130697.1|	86.853	251	3.84e-68	278	100	Schizosaccharomyces versatilis (nom. inval.) strain CBS 103 chromosome 1
tig00000142_first5kb	gi|2572818540|gb|CP130697.1|	86.853	251	3.84e-68	278	100	Schizosaccharomyces versatilis (nom. inval.) strain CBS 103 chromosome 1
tig00000142_first5kb	gi|2572818540|gb|CP130697.1|	86.853	251	3.84e-68	278	100	Schizosaccharomyces versatilis (nom. inval.) strain CBS 103 chromosome 1
tig00000142_first5kb	gi|2572818540|gb|CP130697.1|	86.853	251	3.84e-68	278	100	Schizosaccharomyces versatilis (nom. inval.) strain CBS 103 chromosome 1
tig00000142_first5kb	gi|2572818540|gb|CP130697.1|	86.853	251	3.84e-68	278	100	Schizosaccharomyces versatilis (nom. inval.) strain CBS 103 chromosome 1
tig00000142_first5kb	gi|2572818540|gb|CP130697.1|	86.853	251	3.84e-68	278	100	Schizosaccharomyces versatilis (nom. inval.) strain CBS 103 chromosome 1
tig00000142_first5kb	gi|2572818540|gb|CP130697.1|	86.853	251	3.84e-68	278	100	Schizosaccharomyces versatilis (nom. inval.) strain CBS 103 chromosome 1
tig00000142_first5kb	gi|2572818540|gb|CP130697.1|	86.853	251	3.84e-68	278	100	Schizosaccharomyces versatilis (nom. inval.) strain CBS 103 chromosome 1
tig00000142_first5kb	gi|2572818540|gb|CP130697.1|	86.853	251	3.84e-68	278	100	Schizosaccharomyces versatilis (nom. inval.) strain CBS 103 chromosome 1
tig00000142_first5kb	gi|2572818540|gb|CP130697.1|	89.474	209	1.39e-62	259	100	Schizosaccharomyces versatilis (nom. inval.) strain CBS 103 chromosome 1
tig00000142_first5kb	gi|2572818540|gb|CP130697.1|	85.204	196	3.07e-44	198	100	Schizosaccharomyces versatilis (nom. inval.) strain CBS 103 chromosome 1
tig00000142_first5kb	gi|2572818540|gb|CP130697.1|	95.000	100	1.88e-31	156	100	Schizosaccharomyces versatilis (nom. inval.) strain CBS 103 chromosome 1
tig00000142_first5kb	gi|2572818540|gb|CP130697.1|	95.000	100	1.88e-31	156	100	Schizosaccharomyces versatilis (nom. inval.) strain CBS 103 chromosome 1
tig00000142_first5kb	gi|2572818540|gb|CP130697.1|	95.000	100	1.88e-31	156	100	Schizosaccharomyces versatilis (nom. inval.) strain CBS 103 chromosome 1
tig00000142_first5kb	gi|2572818540|gb|CP130697.1|	95.000	100	1.88e-31	156	100	Schizosaccharomyces versatilis (nom. inval.) strain CBS 103 chromosome 1
tig00000142_first5kb	gi|2572818540|gb|CP130697.1|	95.000	100	1.88e-31	156	100	Schizosaccharomyces versatilis (nom. inval.) strain CBS 103 chromosome 1
tig00000142_first5kb	gi|2572818540|gb|CP130697.1|	95.000	100	1.88e-31	156	100	Schizosaccharomyces versatilis (nom. inval.) strain CBS 103 chromosome 1
tig00000142_first5kb	gi|2572818540|gb|CP130697.1|	95.000	100	1.88e-31	156	100	Schizosaccharomyces versatilis (nom. inval.) strain CBS 103 chromosome 1
tig00000142_first5kb	gi|2572818540|gb|CP130697.1|	95.000	100	1.88e-31	156	100	Schizosaccharomyces versatilis (nom. inval.) strain CBS 103 chromosome 1
tig00000142_first5kb	gi|2572818540|gb|CP130697.1|	95.000	100	1.88e-31	156	100	Schizosaccharomyces versatilis (nom. inval.) strain CBS 103 chromosome 1
tig00000142_first5kb	gi|2572818540|gb|CP130697.1|	95.000	100	1.88e-31	156	100	Schizosaccharomyces versatilis (nom. inval.) strain CBS 103 chromosome 1
tig00000142_first5kb	gi|2572818540|gb|CP130697.1|	95.000	100	1.88e-31	156	100	Schizosaccharomyces versatilis (nom. inval.) strain CBS 103 chromosome 1
tig00000142_first5kb	gi|2572818540|gb|CP130697.1|	95.000	100	1.88e-31	156	100	Schizosaccharomyces versatilis (nom. inval.) strain CBS 103 chromosome 1
tig00000142_first5kb	gi|2572818540|gb|CP130697.1|	95.000	100	1.88e-31	156	100	Schizosaccharomyces versatilis (nom. inval.) strain CBS 103 chromosome 1
tig00000142_first5kb	gi|2572818540|gb|CP130697.1|	95.000	100	1.88e-31	156	100	Schizosaccharomyces versatilis (nom. inval.) strain CBS 103 chromosome 1
tig00000142_first5kb	gi|2572818540|gb|CP130697.1|	95.000	100	1.88e-31	156	100	Schizosaccharomyces versatilis (nom. inval.) strain CBS 103 chromosome 1
tig00000142_first5kb	gi|2572818540|gb|CP130697.1|	95.000	100	1.88e-31	156	100	Schizosaccharomyces versatilis (nom. inval.) strain CBS 103 chromosome 1
tig00000142_first5kb	gi|2572818540|gb|CP130697.1|	95.000	100	1.88e-31	156	100	Schizosaccharomyces versatilis (nom. inval.) strain CBS 103 chromosome 1
tig00000142_first5kb	gi|2572818540|gb|CP130697.1|	95.000	100	1.88e-31	156	100	Schizosaccharomyces versatilis (nom. inval.) strain CBS 103 chromosome 1
tig00000142_first5kb	gi|2572818540|gb|CP130697.1|	100.000	74	6.80e-26	137	100	Schizosaccharomyces versatilis (nom. inval.) strain CBS 103 chromosome 1
tig00000142_first5kb	gi|2572818540|gb|CP130697.1|	100.000	74	6.80e-26	137	100	Schizosaccharomyces versatilis (nom. inval.) strain CBS 103 chromosome 1
tig00000142_first5kb	gi|2572818540|gb|CP130697.1|	100.000	74	6.80e-26	137	100	Schizosaccharomyces versatilis (nom. inval.) strain CBS 103 chromosome 1
tig00000142_first5kb	gi|2572818540|gb|CP130697.1|	100.000	74	6.80e-26	137	100	Schizosaccharomyces versatilis (nom. inval.) strain CBS 103 chromosome 1
tig00000142_first5kb	gi|2572818540|gb|CP130697.1|	100.000	74	6.80e-26	137	100	Schizosaccharomyces versatilis (nom. inval.) strain CBS 103 chromosome 1
tig00000142_first5kb	gi|2572818540|gb|CP130697.1|	97.436	78	8.79e-25	134	100	Schizosaccharomyces versatilis (nom. inval.) strain CBS 103 chromosome 1
tig00000142_first5kb	gi|2572818540|gb|CP130697.1|	97.368	76	1.14e-23	130	100	Schizosaccharomyces versatilis (nom. inval.) strain CBS 103 chromosome 1
tig00000142_first5kb	gi|2572818540|gb|CP130697.1|	97.297	74	1.47e-22	126	100	Schizosaccharomyces versatilis (nom. inval.) strain CBS 103 chromosome 1
tig00000142_first5kb	gi|2572818540|gb|CP130697.1|	97.222	72	1.90e-21	122	100	Schizosaccharomyces versatilis (nom. inval.) strain CBS 103 chromosome 1
tig00000142_first5kb	gi|2572818540|gb|CP130697.1|	98.551	69	6.85e-21	121	100	Schizosaccharomyces versatilis (nom. inval.) strain CBS 103 chromosome 1
tig00000142_first5kb	gi|2572818540|gb|CP130697.1|	98.148	54	4.15e-13	95.3	100	Schizosaccharomyces versatilis (nom. inval.) strain CBS 103 chromosome 1
tig00000142_first5kb	gi|2572818540|gb|CP130697.1|	100.000	43	1.16e-08	80.5	100	Schizosaccharomyces versatilis (nom. inval.) strain CBS 103 chromosome 1
tig00000142_first5kb	gi|2572818540|gb|CP130697.1|	95.918	49	1.16e-08	80.5	100	Schizosaccharomyces versatilis (nom. inval.) strain CBS 103 chromosome 1
tig00000142_first5kb	gi|2572818540|gb|CP130697.1|	95.918	49	1.16e-08	80.5	100	Schizosaccharomyces versatilis (nom. inval.) strain CBS 103 chromosome 1
tig00000142_first5kb	gi|2572818540|gb|CP130697.1|	95.918	49	1.16e-08	80.5	100	Schizosaccharomyces versatilis (nom. inval.) strain CBS 103 chromosome 1
tig00000142_first5kb	gi|2572818540|gb|CP130697.1|	95.918	49	4.18e-08	78.7	100	Schizosaccharomyces versatilis (nom. inval.) strain CBS 103 chromosome 1
tig00000142_first5kb	gi|2572818540|gb|CP130697.1|	94.118	51	1.50e-07	76.8	100	Schizosaccharomyces versatilis (nom. inval.) strain CBS 103 chromosome 1
tig00000142_first5kb	gi|2572818540|gb|CP130697.1|	97.727	44	5.41e-07	75.0	100	Schizosaccharomyces versatilis (nom. inval.) strain CBS 103 chromosome 1
tig00000142_first5kb	gi|2572818540|gb|CP130697.1|	97.727	44	5.41e-07	75.0	100	Schizosaccharomyces versatilis (nom. inval.) strain CBS 103 chromosome 1
tig00000142_first5kb	gi|2572818541|gb|CP130698.1|	98.411	2518	0.0	4420	54	Schizosaccharomyces versatilis (nom. inval.) strain CBS 103 chromosome 2
tig00000142_first5kb	gi|2572818541|gb|CP130698.1|	98.411	2518	0.0	4420	54	Schizosaccharomyces versatilis (nom. inval.) strain CBS 103 chromosome 2
tig00000142_first5kb	gi|2572818541|gb|CP130698.1|	98.054	2518	0.0	4368	54	Schizosaccharomyces versatilis (nom. inval.) strain CBS 103 chromosome 2
tig00000142_first5kb	gi|2572818541|gb|CP130698.1|	97.953	342	1.21e-162	592	54	Schizosaccharomyces versatilis (nom. inval.) strain CBS 103 chromosome 2
tig00000142_first5kb	gi|2572818541|gb|CP130698.1|	97.953	342	1.21e-162	592	54	Schizosaccharomyces versatilis (nom. inval.) strain CBS 103 chromosome 2
tig00000142_first5kb	gi|2572818541|gb|CP130698.1|	97.953	342	1.21e-162	592	54	Schizosaccharomyces versatilis (nom. inval.) strain CBS 103 chromosome 2
tig00000142_first5kb	gi|2572818541|gb|CP130698.1|	89.349	338	3.63e-108	411	54	Schizosaccharomyces versatilis (nom. inval.) strain CBS 103 chromosome 2
tig00000142_first5kb	gi|2572818541|gb|CP130698.1|	89.349	338	3.63e-108	411	54	Schizosaccharomyces versatilis (nom. inval.) strain CBS 103 chromosome 2
tig00000142_first5kb	gi|2572818541|gb|CP130698.1|	89.349	338	3.63e-108	411	54	Schizosaccharomyces versatilis (nom. inval.) strain CBS 103 chromosome 2
tig00000142_first5kb	gi|2572818541|gb|CP130698.1|	97.309	223	3.68e-98	377	54	Schizosaccharomyces versatilis (nom. inval.) strain CBS 103 chromosome 2
tig00000142_first5kb	gi|2572818541|gb|CP130698.1|	90.411	219	8.25e-70	283	54	Schizosaccharomyces versatilis (nom. inval.) strain CBS 103 chromosome 2
tig00000142_first5kb	gi|2572818541|gb|CP130698.1|	79.635	329	1.82e-51	222	54	Schizosaccharomyces versatilis (nom. inval.) strain CBS 103 chromosome 2
tig00000142_first5kb	gi|2572818541|gb|CP130698.1|	95.200	125	1.11e-43	196	54	Schizosaccharomyces versatilis (nom. inval.) strain CBS 103 chromosome 2
tig00000142_first5kb	gi|2572818541|gb|CP130698.1|	79.668	241	3.12e-34	165	54	Schizosaccharomyces versatilis (nom. inval.) strain CBS 103 chromosome 2
tig00000142_first5kb	gi|2572818541|gb|CP130698.1|	100.000	72	8.79e-25	134	54	Schizosaccharomyces versatilis (nom. inval.) strain CBS 103 chromosome 2
tig00000142_first5kb	gi|2572818541|gb|CP130698.1|	98.148	54	4.15e-13	95.3	54	Schizosaccharomyces versatilis (nom. inval.) strain CBS 103 chromosome 2
tig00000142_first5kb	gi|2572818541|gb|CP130698.1|	100.000	43	1.16e-08	80.5	54	Schizosaccharomyces versatilis (nom. inval.) strain CBS 103 chromosome 2
tig00000142_first5kb	gi|2572818541|gb|CP130698.1|	100.000	43	1.16e-08	80.5	54	Schizosaccharomyces versatilis (nom. inval.) strain CBS 103 chromosome 2
tig00000142_first5kb	gi|2572818541|gb|CP130698.1|	100.000	43	1.16e-08	80.5	54	Schizosaccharomyces versatilis (nom. inval.) strain CBS 103 chromosome 2
tig00000142_first5kb	gi|2572818542|gb|CP130699.1|	98.173	2518	0.0	4386	66	Schizosaccharomyces versatilis (nom. inval.) strain CBS 103 chromosome 3
tig00000142_first5kb	gi|2572818542|gb|CP130699.1|	98.054	2518	0.0	4370	66	Schizosaccharomyces versatilis (nom. inval.) strain CBS 103 chromosome 3
tig00000142_first5kb	gi|2572818542|gb|CP130699.1|	97.592	1993	0.0	3404	66	Schizosaccharomyces versatilis (nom. inval.) strain CBS 103 chromosome 3
tig00000142_first5kb	gi|2572818542|gb|CP130699.1|	99.435	531	0.0	965	66	Schizosaccharomyces versatilis (nom. inval.) strain CBS 103 chromosome 3
tig00000142_first5kb	gi|2572818542|gb|CP130699.1|	97.067	341	4.37e-157	573	66	Schizosaccharomyces versatilis (nom. inval.) strain CBS 103 chromosome 3
tig00000142_first5kb	gi|2572818542|gb|CP130699.1|	72.632	1995	4.37e-157	573	66	Schizosaccharomyces versatilis (nom. inval.) strain CBS 103 chromosome 3
tig00000142_first5kb	gi|2572818542|gb|CP130699.1|	72.632	1995	4.37e-157	573	66	Schizosaccharomyces versatilis (nom. inval.) strain CBS 103 chromosome 3
tig00000142_first5kb	gi|2572818542|gb|CP130699.1|	96.481	341	9.46e-154	562	66	Schizosaccharomyces versatilis (nom. inval.) strain CBS 103 chromosome 3
tig00000142_first5kb	gi|2572818542|gb|CP130699.1|	96.481	341	9.46e-154	562	66	Schizosaccharomyces versatilis (nom. inval.) strain CBS 103 chromosome 3
tig00000142_first5kb	gi|2572818542|gb|CP130699.1|	95.918	343	1.58e-151	555	66	Schizosaccharomyces versatilis (nom. inval.) strain CBS 103 chromosome 3
tig00000142_first5kb	gi|2572818542|gb|CP130699.1|	95.918	343	1.58e-151	555	66	Schizosaccharomyces versatilis (nom. inval.) strain CBS 103 chromosome 3
tig00000142_first5kb	gi|2572818542|gb|CP130699.1|	95.918	343	1.58e-151	555	66	Schizosaccharomyces versatilis (nom. inval.) strain CBS 103 chromosome 3
tig00000142_first5kb	gi|2572818542|gb|CP130699.1|	95.918	343	1.58e-151	555	66	Schizosaccharomyces versatilis (nom. inval.) strain CBS 103 chromosome 3
tig00000142_first5kb	gi|2572818542|gb|CP130699.1|	95.918	343	1.58e-151	555	66	Schizosaccharomyces versatilis (nom. inval.) strain CBS 103 chromosome 3
tig00000142_first5kb	gi|2572818542|gb|CP130699.1|	72.675	1903	2.05e-150	551	66	Schizosaccharomyces versatilis (nom. inval.) strain CBS 103 chromosome 3
tig00000142_first5kb	gi|2572818542|gb|CP130699.1|	72.631	1889	9.53e-149	545	66	Schizosaccharomyces versatilis (nom. inval.) strain CBS 103 chromosome 3
tig00000142_first5kb	gi|2572818542|gb|CP130699.1|	72.570	1903	4.43e-147	540	66	Schizosaccharomyces versatilis (nom. inval.) strain CBS 103 chromosome 3
tig00000142_first5kb	gi|2572818542|gb|CP130699.1|	72.570	1903	4.43e-147	540	66	Schizosaccharomyces versatilis (nom. inval.) strain CBS 103 chromosome 3
tig00000142_first5kb	gi|2572818542|gb|CP130699.1|	72.289	1992	4.43e-147	540	66	Schizosaccharomyces versatilis (nom. inval.) strain CBS 103 chromosome 3
tig00000142_first5kb	gi|2572818542|gb|CP130699.1|	94.969	318	2.71e-134	497	66	Schizosaccharomyces versatilis (nom. inval.) strain CBS 103 chromosome 3
tig00000142_first5kb	gi|2572818542|gb|CP130699.1|	94.969	318	2.71e-134	497	66	Schizosaccharomyces versatilis (nom. inval.) strain CBS 103 chromosome 3
tig00000142_first5kb	gi|2572818542|gb|CP130699.1|	94.969	318	2.71e-134	497	66	Schizosaccharomyces versatilis (nom. inval.) strain CBS 103 chromosome 3
tig00000142_first5kb	gi|2572818542|gb|CP130699.1|	94.969	318	2.71e-134	497	66	Schizosaccharomyces versatilis (nom. inval.) strain CBS 103 chromosome 3
tig00000142_first5kb	gi|2572818542|gb|CP130699.1|	94.969	318	2.71e-134	497	66	Schizosaccharomyces versatilis (nom. inval.) strain CBS 103 chromosome 3
tig00000142_first5kb	gi|2572818542|gb|CP130699.1|	94.969	318	2.71e-134	497	66	Schizosaccharomyces versatilis (nom. inval.) strain CBS 103 chromosome 3
tig00000142_first5kb	gi|2572818542|gb|CP130699.1|	94.969	318	2.71e-134	497	66	Schizosaccharomyces versatilis (nom. inval.) strain CBS 103 chromosome 3
tig00000142_first5kb	gi|2572818542|gb|CP130699.1|	94.969	318	2.71e-134	497	66	Schizosaccharomyces versatilis (nom. inval.) strain CBS 103 chromosome 3
tig00000142_first5kb	gi|2572818542|gb|CP130699.1|	94.969	318	2.71e-134	497	66	Schizosaccharomyces versatilis (nom. inval.) strain CBS 103 chromosome 3
tig00000142_first5kb	gi|2572818542|gb|CP130699.1|	94.969	318	2.71e-134	497	66	Schizosaccharomyces versatilis (nom. inval.) strain CBS 103 chromosome 3
tig00000142_first5kb	gi|2572818542|gb|CP130699.1|	94.969	318	2.71e-134	497	66	Schizosaccharomyces versatilis (nom. inval.) strain CBS 103 chromosome 3
tig00000142_first5kb	gi|2572818542|gb|CP130699.1|	94.969	318	2.71e-134	497	66	Schizosaccharomyces versatilis (nom. inval.) strain CBS 103 chromosome 3
tig00000142_first5kb	gi|2572818542|gb|CP130699.1|	94.969	318	2.71e-134	497	66	Schizosaccharomyces versatilis (nom. inval.) strain CBS 103 chromosome 3
tig00000142_first5kb	gi|2572818542|gb|CP130699.1|	94.969	318	2.71e-134	497	66	Schizosaccharomyces versatilis (nom. inval.) strain CBS 103 chromosome 3
tig00000142_first5kb	gi|2572818542|gb|CP130699.1|	94.969	318	2.71e-134	497	66	Schizosaccharomyces versatilis (nom. inval.) strain CBS 103 chromosome 3
tig00000142_first5kb	gi|2572818542|gb|CP130699.1|	94.969	318	2.71e-134	497	66	Schizosaccharomyces versatilis (nom. inval.) strain CBS 103 chromosome 3
tig00000142_first5kb	gi|2572818542|gb|CP130699.1|	94.969	318	2.71e-134	497	66	Schizosaccharomyces versatilis (nom. inval.) strain CBS 103 chromosome 3
tig00000142_first5kb	gi|2572818542|gb|CP130699.1|	94.969	318	2.71e-134	497	66	Schizosaccharomyces versatilis (nom. inval.) strain CBS 103 chromosome 3
tig00000142_first5kb	gi|2572818542|gb|CP130699.1|	94.969	318	2.71e-134	497	66	Schizosaccharomyces versatilis (nom. inval.) strain CBS 103 chromosome 3
tig00000142_first5kb	gi|2572818542|gb|CP130699.1|	94.969	318	2.71e-134	497	66	Schizosaccharomyces versatilis (nom. inval.) strain CBS 103 chromosome 3
tig00000142_first5kb	gi|2572818542|gb|CP130699.1|	94.969	318	2.71e-134	497	66	Schizosaccharomyces versatilis (nom. inval.) strain CBS 103 chromosome 3
tig00000142_first5kb	gi|2572818542|gb|CP130699.1|	94.969	318	2.71e-134	497	66	Schizosaccharomyces versatilis (nom. inval.) strain CBS 103 chromosome 3
tig00000142_first5kb	gi|2572818542|gb|CP130699.1|	94.969	318	2.71e-134	497	66	Schizosaccharomyces versatilis (nom. inval.) strain CBS 103 chromosome 3
tig00000142_first5kb	gi|2572818542|gb|CP130699.1|	94.969	318	2.71e-134	497	66	Schizosaccharomyces versatilis (nom. inval.) strain CBS 103 chromosome 3
tig00000142_first5kb	gi|2572818542|gb|CP130699.1|	94.969	318	2.71e-134	497	66	Schizosaccharomyces versatilis (nom. inval.) strain CBS 103 chromosome 3
tig00000142_first5kb	gi|2572818542|gb|CP130699.1|	94.969	318	2.71e-134	497	66	Schizosaccharomyces versatilis (nom. inval.) strain CBS 103 chromosome 3
tig00000142_first5kb	gi|2572818542|gb|CP130699.1|	94.969	318	2.71e-134	497	66	Schizosaccharomyces versatilis (nom. inval.) strain CBS 103 chromosome 3
tig00000142_first5kb	gi|2572818542|gb|CP130699.1|	94.969	318	2.71e-134	497	66	Schizosaccharomyces versatilis (nom. inval.) strain CBS 103 chromosome 3
tig00000142_first5kb	gi|2572818542|gb|CP130699.1|	94.969	318	2.71e-134	497	66	Schizosaccharomyces versatilis (nom. inval.) strain CBS 103 chromosome 3
tig00000142_first5kb	gi|2572818542|gb|CP130699.1|	94.969	318	2.71e-134	497	66	Schizosaccharomyces versatilis (nom. inval.) strain CBS 103 chromosome 3
tig00000142_first5kb	gi|2572818542|gb|CP130699.1|	94.654	318	1.26e-132	492	66	Schizosaccharomyces versatilis (nom. inval.) strain CBS 103 chromosome 3
tig00000142_first5kb	gi|2572818542|gb|CP130699.1|	94.654	318	1.26e-132	492	66	Schizosaccharomyces versatilis (nom. inval.) strain CBS 103 chromosome 3
tig00000142_first5kb	gi|2572818542|gb|CP130699.1|	94.654	318	1.26e-132	492	66	Schizosaccharomyces versatilis (nom. inval.) strain CBS 103 chromosome 3
tig00000142_first5kb	gi|2572818542|gb|CP130699.1|	94.654	318	1.26e-132	492	66	Schizosaccharomyces versatilis (nom. inval.) strain CBS 103 chromosome 3
tig00000142_first5kb	gi|2572818542|gb|CP130699.1|	92.486	346	2.11e-130	484	66	Schizosaccharomyces versatilis (nom. inval.) strain CBS 103 chromosome 3
tig00000142_first5kb	gi|2572818542|gb|CP130699.1|	98.649	222	3.65e-103	394	66	Schizosaccharomyces versatilis (nom. inval.) strain CBS 103 chromosome 3
tig00000142_first5kb	gi|2572818542|gb|CP130699.1|	96.190	210	4.83e-87	340	66	Schizosaccharomyces versatilis (nom. inval.) strain CBS 103 chromosome 3
tig00000142_first5kb	gi|2572818542|gb|CP130699.1|	92.130	216	1.76e-76	305	66	Schizosaccharomyces versatilis (nom. inval.) strain CBS 103 chromosome 3
tig00000142_first5kb	gi|2572818542|gb|CP130699.1|	87.603	242	3.84e-68	278	66	Schizosaccharomyces versatilis (nom. inval.) strain CBS 103 chromosome 3
tig00000142_first5kb	gi|2572818542|gb|CP130699.1|	87.603	242	3.84e-68	278	66	Schizosaccharomyces versatilis (nom. inval.) strain CBS 103 chromosome 3
tig00000142_first5kb	gi|2572818542|gb|CP130699.1|	87.603	242	3.84e-68	278	66	Schizosaccharomyces versatilis (nom. inval.) strain CBS 103 chromosome 3
tig00000142_first5kb	gi|2572818542|gb|CP130699.1|	87.603	242	3.84e-68	278	66	Schizosaccharomyces versatilis (nom. inval.) strain CBS 103 chromosome 3
tig00000142_first5kb	gi|2572818542|gb|CP130699.1|	87.603	242	3.84e-68	278	66	Schizosaccharomyces versatilis (nom. inval.) strain CBS 103 chromosome 3
tig00000142_first5kb	gi|2572818542|gb|CP130699.1|	87.603	242	3.84e-68	278	66	Schizosaccharomyces versatilis (nom. inval.) strain CBS 103 chromosome 3
tig00000142_first5kb	gi|2572818542|gb|CP130699.1|	87.603	242	3.84e-68	278	66	Schizosaccharomyces versatilis (nom. inval.) strain CBS 103 chromosome 3
tig00000142_first5kb	gi|2572818542|gb|CP130699.1|	87.603	242	3.84e-68	278	66	Schizosaccharomyces versatilis (nom. inval.) strain CBS 103 chromosome 3
tig00000142_first5kb	gi|2572818542|gb|CP130699.1|	87.603	242	3.84e-68	278	66	Schizosaccharomyces versatilis (nom. inval.) strain CBS 103 chromosome 3
tig00000142_first5kb	gi|2572818542|gb|CP130699.1|	87.603	242	3.84e-68	278	66	Schizosaccharomyces versatilis (nom. inval.) strain CBS 103 chromosome 3
tig00000142_first5kb	gi|2572818542|gb|CP130699.1|	87.603	242	3.84e-68	278	66	Schizosaccharomyces versatilis (nom. inval.) strain CBS 103 chromosome 3
tig00000142_first5kb	gi|2572818542|gb|CP130699.1|	87.603	242	3.84e-68	278	66	Schizosaccharomyces versatilis (nom. inval.) strain CBS 103 chromosome 3
tig00000142_first5kb	gi|2572818542|gb|CP130699.1|	87.603	242	3.84e-68	278	66	Schizosaccharomyces versatilis (nom. inval.) strain CBS 103 chromosome 3
tig00000142_first5kb	gi|2572818542|gb|CP130699.1|	87.603	242	3.84e-68	278	66	Schizosaccharomyces versatilis (nom. inval.) strain CBS 103 chromosome 3
tig00000142_first5kb	gi|2572818542|gb|CP130699.1|	87.603	242	3.84e-68	278	66	Schizosaccharomyces versatilis (nom. inval.) strain CBS 103 chromosome 3
tig00000142_first5kb	gi|2572818542|gb|CP130699.1|	87.603	242	3.84e-68	278	66	Schizosaccharomyces versatilis (nom. inval.) strain CBS 103 chromosome 3
tig00000142_first5kb	gi|2572818542|gb|CP130699.1|	87.603	242	3.84e-68	278	66	Schizosaccharomyces versatilis (nom. inval.) strain CBS 103 chromosome 3
tig00000142_first5kb	gi|2572818542|gb|CP130699.1|	87.603	242	3.84e-68	278	66	Schizosaccharomyces versatilis (nom. inval.) strain CBS 103 chromosome 3
tig00000142_first5kb	gi|2572818542|gb|CP130699.1|	87.603	242	3.84e-68	278	66	Schizosaccharomyces versatilis (nom. inval.) strain CBS 103 chromosome 3
tig00000142_first5kb	gi|2572818542|gb|CP130699.1|	87.603	242	3.84e-68	278	66	Schizosaccharomyces versatilis (nom. inval.) strain CBS 103 chromosome 3
tig00000142_first5kb	gi|2572818542|gb|CP130699.1|	87.603	242	3.84e-68	278	66	Schizosaccharomyces versatilis (nom. inval.) strain CBS 103 chromosome 3
tig00000142_first5kb	gi|2572818542|gb|CP130699.1|	87.603	242	3.84e-68	278	66	Schizosaccharomyces versatilis (nom. inval.) strain CBS 103 chromosome 3
tig00000142_first5kb	gi|2572818542|gb|CP130699.1|	87.603	242	3.84e-68	278	66	Schizosaccharomyces versatilis (nom. inval.) strain CBS 103 chromosome 3
tig00000142_first5kb	gi|2572818542|gb|CP130699.1|	87.603	242	3.84e-68	278	66	Schizosaccharomyces versatilis (nom. inval.) strain CBS 103 chromosome 3
tig00000142_first5kb	gi|2572818542|gb|CP130699.1|	87.603	242	3.84e-68	278	66	Schizosaccharomyces versatilis (nom. inval.) strain CBS 103 chromosome 3
tig00000142_first5kb	gi|2572818542|gb|CP130699.1|	87.603	242	3.84e-68	278	66	Schizosaccharomyces versatilis (nom. inval.) strain CBS 103 chromosome 3
tig00000142_first5kb	gi|2572818542|gb|CP130699.1|	87.603	242	3.84e-68	278	66	Schizosaccharomyces versatilis (nom. inval.) strain CBS 103 chromosome 3
tig00000142_first5kb	gi|2572818542|gb|CP130699.1|	87.603	242	3.84e-68	278	66	Schizosaccharomyces versatilis (nom. inval.) strain CBS 103 chromosome 3
tig00000142_first5kb	gi|2572818542|gb|CP130699.1|	87.603	242	3.84e-68	278	66	Schizosaccharomyces versatilis (nom. inval.) strain CBS 103 chromosome 3
tig00000142_first5kb	gi|2572818542|gb|CP130699.1|	87.603	242	3.84e-68	278	66	Schizosaccharomyces versatilis (nom. inval.) strain CBS 103 chromosome 3
tig00000142_first5kb	gi|2572818542|gb|CP130699.1|	87.603	242	3.84e-68	278	66	Schizosaccharomyces versatilis (nom. inval.) strain CBS 103 chromosome 3
tig00000142_first5kb	gi|2572818542|gb|CP130699.1|	87.603	242	3.84e-68	278	66	Schizosaccharomyces versatilis (nom. inval.) strain CBS 103 chromosome 3
tig00000142_first5kb	gi|2572818542|gb|CP130699.1|	87.603	242	3.84e-68	278	66	Schizosaccharomyces versatilis (nom. inval.) strain CBS 103 chromosome 3
tig00000142_first5kb	gi|2572818542|gb|CP130699.1|	87.603	242	3.84e-68	278	66	Schizosaccharomyces versatilis (nom. inval.) strain CBS 103 chromosome 3
tig00000142_first5kb	gi|2572818542|gb|CP130699.1|	84.234	222	3.07e-44	198	66	Schizosaccharomyces versatilis (nom. inval.) strain CBS 103 chromosome 3
tig00000142_first5kb	gi|2572818542|gb|CP130699.1|	94.262	122	2.39e-40	185	66	Schizosaccharomyces versatilis (nom. inval.) strain CBS 103 chromosome 3
tig00000142_first5kb	gi|2572818542|gb|CP130699.1|	94.262	122	2.39e-40	185	66	Schizosaccharomyces versatilis (nom. inval.) strain CBS 103 chromosome 3
tig00000142_first5kb	gi|2572818542|gb|CP130699.1|	94.262	122	2.39e-40	185	66	Schizosaccharomyces versatilis (nom. inval.) strain CBS 103 chromosome 3
tig00000142_first5kb	gi|2572818542|gb|CP130699.1|	94.262	122	2.39e-40	185	66	Schizosaccharomyces versatilis (nom. inval.) strain CBS 103 chromosome 3
tig00000142_first5kb	gi|2572818542|gb|CP130699.1|	94.262	122	2.39e-40	185	66	Schizosaccharomyces versatilis (nom. inval.) strain CBS 103 chromosome 3
tig00000142_first5kb	gi|2572818542|gb|CP130699.1|	94.262	122	2.39e-40	185	66	Schizosaccharomyces versatilis (nom. inval.) strain CBS 103 chromosome 3
tig00000142_first5kb	gi|2572818542|gb|CP130699.1|	94.262	122	2.39e-40	185	66	Schizosaccharomyces versatilis (nom. inval.) strain CBS 103 chromosome 3
tig00000142_first5kb	gi|2572818542|gb|CP130699.1|	94.262	122	2.39e-40	185	66	Schizosaccharomyces versatilis (nom. inval.) strain CBS 103 chromosome 3
tig00000142_first5kb	gi|2572818542|gb|CP130699.1|	94.262	122	2.39e-40	185	66	Schizosaccharomyces versatilis (nom. inval.) strain CBS 103 chromosome 3
tig00000142_first5kb	gi|2572818542|gb|CP130699.1|	94.262	122	2.39e-40	185	66	Schizosaccharomyces versatilis (nom. inval.) strain CBS 103 chromosome 3
tig00000142_first5kb	gi|2572818542|gb|CP130699.1|	94.262	122	2.39e-40	185	66	Schizosaccharomyces versatilis (nom. inval.) strain CBS 103 chromosome 3
tig00000142_first5kb	gi|2572818542|gb|CP130699.1|	94.262	122	2.39e-40	185	66	Schizosaccharomyces versatilis (nom. inval.) strain CBS 103 chromosome 3
tig00000142_first5kb	gi|2572818542|gb|CP130699.1|	94.262	122	2.39e-40	185	66	Schizosaccharomyces versatilis (nom. inval.) strain CBS 103 chromosome 3
tig00000142_first5kb	gi|2572818542|gb|CP130699.1|	94.262	122	2.39e-40	185	66	Schizosaccharomyces versatilis (nom. inval.) strain CBS 103 chromosome 3
tig00000142_first5kb	gi|2572818542|gb|CP130699.1|	94.262	122	2.39e-40	185	66	Schizosaccharomyces versatilis (nom. inval.) strain CBS 103 chromosome 3
tig00000142_first5kb	gi|2572818542|gb|CP130699.1|	94.262	122	2.39e-40	185	66	Schizosaccharomyces versatilis (nom. inval.) strain CBS 103 chromosome 3
tig00000142_first5kb	gi|2572818542|gb|CP130699.1|	94.262	122	2.39e-40	185	66	Schizosaccharomyces versatilis (nom. inval.) strain CBS 103 chromosome 3
tig00000142_first5kb	gi|2572818542|gb|CP130699.1|	94.262	122	2.39e-40	185	66	Schizosaccharomyces versatilis (nom. inval.) strain CBS 103 chromosome 3
tig00000142_first5kb	gi|2572818542|gb|CP130699.1|	94.262	122	2.39e-40	185	66	Schizosaccharomyces versatilis (nom. inval.) strain CBS 103 chromosome 3
tig00000142_first5kb	gi|2572818542|gb|CP130699.1|	94.262	122	2.39e-40	185	66	Schizosaccharomyces versatilis (nom. inval.) strain CBS 103 chromosome 3
tig00000142_first5kb	gi|2572818542|gb|CP130699.1|	94.262	122	2.39e-40	185	66	Schizosaccharomyces versatilis (nom. inval.) strain CBS 103 chromosome 3
tig00000142_first5kb	gi|2572818542|gb|CP130699.1|	94.262	122	2.39e-40	185	66	Schizosaccharomyces versatilis (nom. inval.) strain CBS 103 chromosome 3
tig00000142_first5kb	gi|2572818542|gb|CP130699.1|	94.262	122	2.39e-40	185	66	Schizosaccharomyces versatilis (nom. inval.) strain CBS 103 chromosome 3
tig00000142_first5kb	gi|2572818542|gb|CP130699.1|	94.262	122	2.39e-40	185	66	Schizosaccharomyces versatilis (nom. inval.) strain CBS 103 chromosome 3
tig00000142_first5kb	gi|2572818542|gb|CP130699.1|	94.262	122	2.39e-40	185	66	Schizosaccharomyces versatilis (nom. inval.) strain CBS 103 chromosome 3
tig00000142_first5kb	gi|2572818542|gb|CP130699.1|	94.262	122	2.39e-40	185	66	Schizosaccharomyces versatilis (nom. inval.) strain CBS 103 chromosome 3
tig00000142_first5kb	gi|2572818542|gb|CP130699.1|	94.262	122	2.39e-40	185	66	Schizosaccharomyces versatilis (nom. inval.) strain CBS 103 chromosome 3
tig00000142_first5kb	gi|2572818542|gb|CP130699.1|	94.262	122	2.39e-40	185	66	Schizosaccharomyces versatilis (nom. inval.) strain CBS 103 chromosome 3
tig00000142_first5kb	gi|2572818542|gb|CP130699.1|	94.262	122	2.39e-40	185	66	Schizosaccharomyces versatilis (nom. inval.) strain CBS 103 chromosome 3
tig00000142_first5kb	gi|2572818542|gb|CP130699.1|	94.262	122	2.39e-40	185	66	Schizosaccharomyces versatilis (nom. inval.) strain CBS 103 chromosome 3
tig00000142_first5kb	gi|2572818542|gb|CP130699.1|	94.262	122	2.39e-40	185	66	Schizosaccharomyces versatilis (nom. inval.) strain CBS 103 chromosome 3
tig00000142_first5kb	gi|2572818542|gb|CP130699.1|	94.262	122	2.39e-40	185	66	Schizosaccharomyces versatilis (nom. inval.) strain CBS 103 chromosome 3
tig00000142_first5kb	gi|2572818542|gb|CP130699.1|	91.241	137	8.61e-40	183	66	Schizosaccharomyces versatilis (nom. inval.) strain CBS 103 chromosome 3
tig00000142_first5kb	gi|2572818542|gb|CP130699.1|	85.000	180	3.10e-39	182	66	Schizosaccharomyces versatilis (nom. inval.) strain CBS 103 chromosome 3
tig00000142_first5kb	gi|2572818542|gb|CP130699.1|	95.000	100	1.88e-31	156	66	Schizosaccharomyces versatilis (nom. inval.) strain CBS 103 chromosome 3
tig00000142_first5kb	gi|2572818542|gb|CP130699.1|	95.000	100	1.88e-31	156	66	Schizosaccharomyces versatilis (nom. inval.) strain CBS 103 chromosome 3
tig00000142_first5kb	gi|2572818542|gb|CP130699.1|	95.000	100	1.88e-31	156	66	Schizosaccharomyces versatilis (nom. inval.) strain CBS 103 chromosome 3
tig00000142_first5kb	gi|2572818542|gb|CP130699.1|	95.000	100	1.88e-31	156	66	Schizosaccharomyces versatilis (nom. inval.) strain CBS 103 chromosome 3
tig00000142_first5kb	gi|2572818542|gb|CP130699.1|	95.000	100	1.88e-31	156	66	Schizosaccharomyces versatilis (nom. inval.) strain CBS 103 chromosome 3
tig00000142_first5kb	gi|2572818542|gb|CP130699.1|	95.000	100	1.88e-31	156	66	Schizosaccharomyces versatilis (nom. inval.) strain CBS 103 chromosome 3
tig00000142_first5kb	gi|2572818542|gb|CP130699.1|	95.000	100	1.88e-31	156	66	Schizosaccharomyces versatilis (nom. inval.) strain CBS 103 chromosome 3
tig00000142_first5kb	gi|2572818542|gb|CP130699.1|	95.000	100	1.88e-31	156	66	Schizosaccharomyces versatilis (nom. inval.) strain CBS 103 chromosome 3
tig00000142_first5kb	gi|2572818542|gb|CP130699.1|	95.000	100	1.88e-31	156	66	Schizosaccharomyces versatilis (nom. inval.) strain CBS 103 chromosome 3
tig00000142_first5kb	gi|2572818542|gb|CP130699.1|	95.000	100	1.88e-31	156	66	Schizosaccharomyces versatilis (nom. inval.) strain CBS 103 chromosome 3
tig00000142_first5kb	gi|2572818542|gb|CP130699.1|	95.000	100	1.88e-31	156	66	Schizosaccharomyces versatilis (nom. inval.) strain CBS 103 chromosome 3
tig00000142_first5kb	gi|2572818542|gb|CP130699.1|	95.000	100	1.88e-31	156	66	Schizosaccharomyces versatilis (nom. inval.) strain CBS 103 chromosome 3
tig00000142_first5kb	gi|2572818542|gb|CP130699.1|	95.000	100	1.88e-31	156	66	Schizosaccharomyces versatilis (nom. inval.) strain CBS 103 chromosome 3
tig00000142_first5kb	gi|2572818542|gb|CP130699.1|	95.000	100	1.88e-31	156	66	Schizosaccharomyces versatilis (nom. inval.) strain CBS 103 chromosome 3
tig00000142_first5kb	gi|2572818542|gb|CP130699.1|	95.000	100	1.88e-31	156	66	Schizosaccharomyces versatilis (nom. inval.) strain CBS 103 chromosome 3
tig00000142_first5kb	gi|2572818542|gb|CP130699.1|	95.000	100	1.88e-31	156	66	Schizosaccharomyces versatilis (nom. inval.) strain CBS 103 chromosome 3
tig00000142_first5kb	gi|2572818542|gb|CP130699.1|	95.000	100	1.88e-31	156	66	Schizosaccharomyces versatilis (nom. inval.) strain CBS 103 chromosome 3
tig00000142_first5kb	gi|2572818542|gb|CP130699.1|	95.000	100	1.88e-31	156	66	Schizosaccharomyces versatilis (nom. inval.) strain CBS 103 chromosome 3
tig00000142_first5kb	gi|2572818542|gb|CP130699.1|	95.000	100	1.88e-31	156	66	Schizosaccharomyces versatilis (nom. inval.) strain CBS 103 chromosome 3
tig00000142_first5kb	gi|2572818542|gb|CP130699.1|	95.000	100	1.88e-31	156	66	Schizosaccharomyces versatilis (nom. inval.) strain CBS 103 chromosome 3
tig00000142_first5kb	gi|2572818542|gb|CP130699.1|	95.000	100	1.88e-31	156	66	Schizosaccharomyces versatilis (nom. inval.) strain CBS 103 chromosome 3
tig00000142_first5kb	gi|2572818542|gb|CP130699.1|	95.000	100	1.88e-31	156	66	Schizosaccharomyces versatilis (nom. inval.) strain CBS 103 chromosome 3
tig00000142_first5kb	gi|2572818542|gb|CP130699.1|	95.000	100	1.88e-31	156	66	Schizosaccharomyces versatilis (nom. inval.) strain CBS 103 chromosome 3
tig00000142_first5kb	gi|2572818542|gb|CP130699.1|	95.000	100	1.88e-31	156	66	Schizosaccharomyces versatilis (nom. inval.) strain CBS 103 chromosome 3
tig00000142_first5kb	gi|2572818542|gb|CP130699.1|	95.000	100	1.88e-31	156	66	Schizosaccharomyces versatilis (nom. inval.) strain CBS 103 chromosome 3
tig00000142_first5kb	gi|2572818542|gb|CP130699.1|	95.000	100	1.88e-31	156	66	Schizosaccharomyces versatilis (nom. inval.) strain CBS 103 chromosome 3
tig00000142_first5kb	gi|2572818542|gb|CP130699.1|	95.000	100	1.88e-31	156	66	Schizosaccharomyces versatilis (nom. inval.) strain CBS 103 chromosome 3
tig00000142_first5kb	gi|2572818542|gb|CP130699.1|	95.000	100	1.88e-31	156	66	Schizosaccharomyces versatilis (nom. inval.) strain CBS 103 chromosome 3
tig00000142_first5kb	gi|2572818542|gb|CP130699.1|	95.000	100	1.88e-31	156	66	Schizosaccharomyces versatilis (nom. inval.) strain CBS 103 chromosome 3
tig00000142_first5kb	gi|2572818542|gb|CP130699.1|	95.000	100	1.88e-31	156	66	Schizosaccharomyces versatilis (nom. inval.) strain CBS 103 chromosome 3
tig00000142_first5kb	gi|2572818542|gb|CP130699.1|	95.000	100	1.88e-31	156	66	Schizosaccharomyces versatilis (nom. inval.) strain CBS 103 chromosome 3
tig00000142_first5kb	gi|2572818542|gb|CP130699.1|	95.000	100	1.88e-31	156	66	Schizosaccharomyces versatilis (nom. inval.) strain CBS 103 chromosome 3
tig00000142_first5kb	gi|2572818542|gb|CP130699.1|	96.471	85	5.25e-27	141	66	Schizosaccharomyces versatilis (nom. inval.) strain CBS 103 chromosome 3
tig00000142_first5kb	gi|2572818542|gb|CP130699.1|	96.471	85	5.25e-27	141	66	Schizosaccharomyces versatilis (nom. inval.) strain CBS 103 chromosome 3
tig00000142_first5kb	gi|2572818542|gb|CP130699.1|	96.471	85	5.25e-27	141	66	Schizosaccharomyces versatilis (nom. inval.) strain CBS 103 chromosome 3
tig00000142_first5kb	gi|2572818542|gb|CP130699.1|	96.471	85	5.25e-27	141	66	Schizosaccharomyces versatilis (nom. inval.) strain CBS 103 chromosome 3
tig00000142_first5kb	gi|2572818542|gb|CP130699.1|	96.471	85	5.25e-27	141	66	Schizosaccharomyces versatilis (nom. inval.) strain CBS 103 chromosome 3
tig00000142_first5kb	gi|2572818542|gb|CP130699.1|	96.471	85	5.25e-27	141	66	Schizosaccharomyces versatilis (nom. inval.) strain CBS 103 chromosome 3
tig00000142_first5kb	gi|2572818542|gb|CP130699.1|	96.471	85	5.25e-27	141	66	Schizosaccharomyces versatilis (nom. inval.) strain CBS 103 chromosome 3
tig00000142_first5kb	gi|2572818542|gb|CP130699.1|	96.471	85	5.25e-27	141	66	Schizosaccharomyces versatilis (nom. inval.) strain CBS 103 chromosome 3
tig00000142_first5kb	gi|2572818542|gb|CP130699.1|	96.471	85	5.25e-27	141	66	Schizosaccharomyces versatilis (nom. inval.) strain CBS 103 chromosome 3
tig00000142_first5kb	gi|2572818542|gb|CP130699.1|	96.471	85	5.25e-27	141	66	Schizosaccharomyces versatilis (nom. inval.) strain CBS 103 chromosome 3
tig00000142_first5kb	gi|2572818542|gb|CP130699.1|	96.471	85	5.25e-27	141	66	Schizosaccharomyces versatilis (nom. inval.) strain CBS 103 chromosome 3
tig00000142_first5kb	gi|2572818542|gb|CP130699.1|	96.471	85	5.25e-27	141	66	Schizosaccharomyces versatilis (nom. inval.) strain CBS 103 chromosome 3
tig00000142_first5kb	gi|2572818542|gb|CP130699.1|	96.471	85	5.25e-27	141	66	Schizosaccharomyces versatilis (nom. inval.) strain CBS 103 chromosome 3
tig00000142_first5kb	gi|2572818542|gb|CP130699.1|	96.471	85	5.25e-27	141	66	Schizosaccharomyces versatilis (nom. inval.) strain CBS 103 chromosome 3
tig00000142_first5kb	gi|2572818542|gb|CP130699.1|	96.471	85	5.25e-27	141	66	Schizosaccharomyces versatilis (nom. inval.) strain CBS 103 chromosome 3
tig00000142_first5kb	gi|2572818542|gb|CP130699.1|	96.471	85	5.25e-27	141	66	Schizosaccharomyces versatilis (nom. inval.) strain CBS 103 chromosome 3
tig00000142_first5kb	gi|2572818542|gb|CP130699.1|	96.471	85	5.25e-27	141	66	Schizosaccharomyces versatilis (nom. inval.) strain CBS 103 chromosome 3
tig00000142_first5kb	gi|2572818542|gb|CP130699.1|	96.471	85	5.25e-27	141	66	Schizosaccharomyces versatilis (nom. inval.) strain CBS 103 chromosome 3
tig00000142_first5kb	gi|2572818542|gb|CP130699.1|	96.471	85	5.25e-27	141	66	Schizosaccharomyces versatilis (nom. inval.) strain CBS 103 chromosome 3
tig00000142_first5kb	gi|2572818542|gb|CP130699.1|	96.471	85	5.25e-27	141	66	Schizosaccharomyces versatilis (nom. inval.) strain CBS 103 chromosome 3
tig00000142_first5kb	gi|2572818542|gb|CP130699.1|	96.471	85	5.25e-27	141	66	Schizosaccharomyces versatilis (nom. inval.) strain CBS 103 chromosome 3
tig00000142_first5kb	gi|2572818542|gb|CP130699.1|	96.471	85	5.25e-27	141	66	Schizosaccharomyces versatilis (nom. inval.) strain CBS 103 chromosome 3
tig00000142_first5kb	gi|2572818542|gb|CP130699.1|	96.471	85	5.25e-27	141	66	Schizosaccharomyces versatilis (nom. inval.) strain CBS 103 chromosome 3
tig00000142_first5kb	gi|2572818542|gb|CP130699.1|	96.471	85	5.25e-27	141	66	Schizosaccharomyces versatilis (nom. inval.) strain CBS 103 chromosome 3
tig00000142_first5kb	gi|2572818542|gb|CP130699.1|	96.471	85	5.25e-27	141	66	Schizosaccharomyces versatilis (nom. inval.) strain CBS 103 chromosome 3
tig00000142_first5kb	gi|2572818542|gb|CP130699.1|	96.471	85	5.25e-27	141	66	Schizosaccharomyces versatilis (nom. inval.) strain CBS 103 chromosome 3
tig00000142_first5kb	gi|2572818542|gb|CP130699.1|	96.471	85	5.25e-27	141	66	Schizosaccharomyces versatilis (nom. inval.) strain CBS 103 chromosome 3
tig00000142_first5kb	gi|2572818542|gb|CP130699.1|	96.471	85	5.25e-27	141	66	Schizosaccharomyces versatilis (nom. inval.) strain CBS 103 chromosome 3
tig00000142_first5kb	gi|2572818542|gb|CP130699.1|	96.471	85	5.25e-27	141	66	Schizosaccharomyces versatilis (nom. inval.) strain CBS 103 chromosome 3
tig00000142_first5kb	gi|2572818542|gb|CP130699.1|	96.471	85	5.25e-27	141	66	Schizosaccharomyces versatilis (nom. inval.) strain CBS 103 chromosome 3
tig00000142_first5kb	gi|2572818542|gb|CP130699.1|	96.471	85	5.25e-27	141	66	Schizosaccharomyces versatilis (nom. inval.) strain CBS 103 chromosome 3
tig00000142_first5kb	gi|2572818542|gb|CP130699.1|	96.471	85	5.25e-27	141	66	Schizosaccharomyces versatilis (nom. inval.) strain CBS 103 chromosome 3
tig00000142_first5kb	gi|2572818542|gb|CP130699.1|	96.471	85	5.25e-27	141	66	Schizosaccharomyces versatilis (nom. inval.) strain CBS 103 chromosome 3
tig00000142_first5kb	gi|2572818542|gb|CP130699.1|	96.471	85	5.25e-27	141	66	Schizosaccharomyces versatilis (nom. inval.) strain CBS 103 chromosome 3
tig00000142_first5kb	gi|2572818542|gb|CP130699.1|	100.000	72	8.79e-25	134	66	Schizosaccharomyces versatilis (nom. inval.) strain CBS 103 chromosome 3
tig00000142_first5kb	gi|2572818542|gb|CP130699.1|	98.276	58	2.48e-15	102	66	Schizosaccharomyces versatilis (nom. inval.) strain CBS 103 chromosome 3
tig00000142_first5kb	gi|2572818542|gb|CP130699.1|	98.276	58	2.48e-15	102	66	Schizosaccharomyces versatilis (nom. inval.) strain CBS 103 chromosome 3
tig00000142_first5kb	gi|2572818542|gb|CP130699.1|	91.429	70	4.15e-13	95.3	66	Schizosaccharomyces versatilis (nom. inval.) strain CBS 103 chromosome 3
tig00000142_first5kb	gi|2572818542|gb|CP130699.1|	91.429	70	4.15e-13	95.3	66	Schizosaccharomyces versatilis (nom. inval.) strain CBS 103 chromosome 3
tig00000142_first5kb	gi|2572818542|gb|CP130699.1|	100.000	43	1.16e-08	80.5	66	Schizosaccharomyces versatilis (nom. inval.) strain CBS 103 chromosome 3
tig00000142_mid5kb	gi|2572818540|gb|CP130697.1|	99.840	5001	0.0	9190	100	Schizosaccharomyces versatilis (nom. inval.) strain CBS 103 chromosome 1
tig00000142_mid5kb	gi|2531961470|emb|OY279579.1|	98.324	5012	0.0	8770	100	Schizosaccharomyces japonicus strain CBS5679 genome assembly, chromosome: 1
tig00000142_mid5kb	gi|2572811386|gb|CP133359.1|	85.887	3961	0.0	4196	90	Schizosaccharomyces japonicus strain yFS275 chromosome 1
tig00000142_mid5kb	gi|2572811386|gb|CP133359.1|	84.413	571	1.22e-152	558	90	Schizosaccharomyces japonicus strain yFS275 chromosome 1
tig00000135_first5kb	gi|2572818541|gb|CP130698.1|	96.899	5030	0.0	8357	100	Schizosaccharomyces versatilis (nom. inval.) strain CBS 103 chromosome 2
tig00000135_first5kb	gi|2572818541|gb|CP130698.1|	96.899	5030	0.0	8357	100	Schizosaccharomyces versatilis (nom. inval.) strain CBS 103 chromosome 2
tig00000135_first5kb	gi|2572818541|gb|CP130698.1|	96.899	5030	0.0	8357	100	Schizosaccharomyces versatilis (nom. inval.) strain CBS 103 chromosome 2
tig00000135_first5kb	gi|2572818541|gb|CP130698.1|	96.899	5030	0.0	8357	100	Schizosaccharomyces versatilis (nom. inval.) strain CBS 103 chromosome 2
tig00000135_first5kb	gi|2572818541|gb|CP130698.1|	96.899	5030	0.0	8357	100	Schizosaccharomyces versatilis (nom. inval.) strain CBS 103 chromosome 2
tig00000135_first5kb	gi|2572818541|gb|CP130698.1|	96.899	5030	0.0	8357	100	Schizosaccharomyces versatilis (nom. inval.) strain CBS 103 chromosome 2
tig00000135_first5kb	gi|2572818541|gb|CP130698.1|	96.899	5030	0.0	8357	100	Schizosaccharomyces versatilis (nom. inval.) strain CBS 103 chromosome 2
tig00000135_first5kb	gi|2572818541|gb|CP130698.1|	96.899	5030	0.0	8357	100	Schizosaccharomyces versatilis (nom. inval.) strain CBS 103 chromosome 2
tig00000135_first5kb	gi|2572818541|gb|CP130698.1|	96.899	5030	0.0	8357	100	Schizosaccharomyces versatilis (nom. inval.) strain CBS 103 chromosome 2
tig00000135_first5kb	gi|2572818541|gb|CP130698.1|	96.899	5030	0.0	8357	100	Schizosaccharomyces versatilis (nom. inval.) strain CBS 103 chromosome 2
tig00000135_first5kb	gi|2572818541|gb|CP130698.1|	96.879	5030	0.0	8351	100	Schizosaccharomyces versatilis (nom. inval.) strain CBS 103 chromosome 2
tig00000135_first5kb	gi|2572818541|gb|CP130698.1|	96.879	5031	0.0	8351	100	Schizosaccharomyces versatilis (nom. inval.) strain CBS 103 chromosome 2
tig00000135_first5kb	gi|2572818541|gb|CP130698.1|	96.879	5030	0.0	8351	100	Schizosaccharomyces versatilis (nom. inval.) strain CBS 103 chromosome 2
tig00000135_first5kb	gi|2572818541|gb|CP130698.1|	96.879	5031	0.0	8351	100	Schizosaccharomyces versatilis (nom. inval.) strain CBS 103 chromosome 2
tig00000135_first5kb	gi|2572818541|gb|CP130698.1|	96.879	5030	0.0	8351	100	Schizosaccharomyces versatilis (nom. inval.) strain CBS 103 chromosome 2
tig00000135_first5kb	gi|2572818541|gb|CP130698.1|	96.879	5030	0.0	8351	100	Schizosaccharomyces versatilis (nom. inval.) strain CBS 103 chromosome 2
tig00000135_first5kb	gi|2572818541|gb|CP130698.1|	96.879	5030	0.0	8351	100	Schizosaccharomyces versatilis (nom. inval.) strain CBS 103 chromosome 2
tig00000135_first5kb	gi|2572818541|gb|CP130698.1|	96.879	5030	0.0	8351	100	Schizosaccharomyces versatilis (nom. inval.) strain CBS 103 chromosome 2
tig00000135_first5kb	gi|2572818541|gb|CP130698.1|	96.879	5030	0.0	8351	100	Schizosaccharomyces versatilis (nom. inval.) strain CBS 103 chromosome 2
tig00000135_first5kb	gi|2572818541|gb|CP130698.1|	96.879	5030	0.0	8351	100	Schizosaccharomyces versatilis (nom. inval.) strain CBS 103 chromosome 2
tig00000135_first5kb	gi|2572818541|gb|CP130698.1|	96.860	5032	0.0	8347	100	Schizosaccharomyces versatilis (nom. inval.) strain CBS 103 chromosome 2
tig00000135_first5kb	gi|2572818541|gb|CP130698.1|	96.859	5030	0.0	8346	100	Schizosaccharomyces versatilis (nom. inval.) strain CBS 103 chromosome 2
tig00000135_first5kb	gi|2572818541|gb|CP130698.1|	96.859	5031	0.0	8346	100	Schizosaccharomyces versatilis (nom. inval.) strain CBS 103 chromosome 2
tig00000135_first5kb	gi|2572818541|gb|CP130698.1|	96.859	5031	0.0	8346	100	Schizosaccharomyces versatilis (nom. inval.) strain CBS 103 chromosome 2
tig00000135_first5kb	gi|2572818541|gb|CP130698.1|	96.573	5048	0.0	8279	100	Schizosaccharomyces versatilis (nom. inval.) strain CBS 103 chromosome 2
tig00000135_first5kb	gi|2572818541|gb|CP130698.1|	96.553	5048	0.0	8274	100	Schizosaccharomyces versatilis (nom. inval.) strain CBS 103 chromosome 2
tig00000135_first5kb	gi|2572818541|gb|CP130698.1|	96.553	5048	0.0	8274	100	Schizosaccharomyces versatilis (nom. inval.) strain CBS 103 chromosome 2
tig00000135_first5kb	gi|2572818541|gb|CP130698.1|	96.553	5048	0.0	8274	100	Schizosaccharomyces versatilis (nom. inval.) strain CBS 103 chromosome 2
tig00000135_first5kb	gi|2572818541|gb|CP130698.1|	96.534	5049	0.0	8268	100	Schizosaccharomyces versatilis (nom. inval.) strain CBS 103 chromosome 2
tig00000135_first5kb	gi|2572818541|gb|CP130698.1|	96.702	3942	0.0	6510	100	Schizosaccharomyces versatilis (nom. inval.) strain CBS 103 chromosome 2
tig00000135_first5kb	gi|2572818541|gb|CP130698.1|	97.085	3053	0.0	5103	100	Schizosaccharomyces versatilis (nom. inval.) strain CBS 103 chromosome 2
tig00000135_first5kb	gi|2572818541|gb|CP130698.1|	96.548	3071	0.0	5025	100	Schizosaccharomyces versatilis (nom. inval.) strain CBS 103 chromosome 2
tig00000135_first5kb	gi|2572818541|gb|CP130698.1|	97.150	2737	0.0	4590	100	Schizosaccharomyces versatilis (nom. inval.) strain CBS 103 chromosome 2
tig00000135_first5kb	gi|2572818541|gb|CP130698.1|	97.150	2737	0.0	4590	100	Schizosaccharomyces versatilis (nom. inval.) strain CBS 103 chromosome 2
tig00000135_first5kb	gi|2572818541|gb|CP130698.1|	97.150	2737	0.0	4590	100	Schizosaccharomyces versatilis (nom. inval.) strain CBS 103 chromosome 2
tig00000135_first5kb	gi|2572818541|gb|CP130698.1|	97.150	2737	0.0	4590	100	Schizosaccharomyces versatilis (nom. inval.) strain CBS 103 chromosome 2
tig00000135_first5kb	gi|2572818541|gb|CP130698.1|	97.114	2737	0.0	4584	100	Schizosaccharomyces versatilis (nom. inval.) strain CBS 103 chromosome 2
tig00000135_first5kb	gi|2572818541|gb|CP130698.1|	97.114	2737	0.0	4584	100	Schizosaccharomyces versatilis (nom. inval.) strain CBS 103 chromosome 2
tig00000135_first5kb	gi|2572818541|gb|CP130698.1|	96.398	2582	0.0	4211	100	Schizosaccharomyces versatilis (nom. inval.) strain CBS 103 chromosome 2
tig00000135_first5kb	gi|2572818541|gb|CP130698.1|	96.568	2331	0.0	3825	100	Schizosaccharomyces versatilis (nom. inval.) strain CBS 103 chromosome 2
tig00000135_first5kb	gi|2572818541|gb|CP130698.1|	96.568	2331	0.0	3825	100	Schizosaccharomyces versatilis (nom. inval.) strain CBS 103 chromosome 2
tig00000135_first5kb	gi|2572818541|gb|CP130698.1|	96.568	2331	0.0	3825	100	Schizosaccharomyces versatilis (nom. inval.) strain CBS 103 chromosome 2
tig00000135_first5kb	gi|2572818541|gb|CP130698.1|	96.568	2331	0.0	3825	100	Schizosaccharomyces versatilis (nom. inval.) strain CBS 103 chromosome 2
tig00000135_first5kb	gi|2572818541|gb|CP130698.1|	96.525	2331	0.0	3819	100	Schizosaccharomyces versatilis (nom. inval.) strain CBS 103 chromosome 2
tig00000135_first5kb	gi|2572818541|gb|CP130698.1|	96.525	2331	0.0	3819	100	Schizosaccharomyces versatilis (nom. inval.) strain CBS 103 chromosome 2
tig00000135_first5kb	gi|2572818541|gb|CP130698.1|	96.181	1126	0.0	1832	100	Schizosaccharomyces versatilis (nom. inval.) strain CBS 103 chromosome 2
tig00000135_first5kb	gi|2572818541|gb|CP130698.1|	94.711	605	0.0	924	100	Schizosaccharomyces versatilis (nom. inval.) strain CBS 103 chromosome 2
tig00000135_first5kb	gi|2572818541|gb|CP130698.1|	94.711	605	0.0	924	100	Schizosaccharomyces versatilis (nom. inval.) strain CBS 103 chromosome 2
tig00000135_first5kb	gi|2572818541|gb|CP130698.1|	99.578	237	7.74e-115	433	100	Schizosaccharomyces versatilis (nom. inval.) strain CBS 103 chromosome 2
tig00000135_first5kb	gi|2572818541|gb|CP130698.1|	99.578	237	7.74e-115	433	100	Schizosaccharomyces versatilis (nom. inval.) strain CBS 103 chromosome 2
tig00000135_first5kb	gi|2572818541|gb|CP130698.1|	99.578	237	7.74e-115	433	100	Schizosaccharomyces versatilis (nom. inval.) strain CBS 103 chromosome 2
tig00000135_first5kb	gi|2572818541|gb|CP130698.1|	99.578	237	7.74e-115	433	100	Schizosaccharomyces versatilis (nom. inval.) strain CBS 103 chromosome 2
tig00000135_first5kb	gi|2572818541|gb|CP130698.1|	94.094	254	7.91e-100	383	100	Schizosaccharomyces versatilis (nom. inval.) strain CBS 103 chromosome 2
tig00000135_first5kb	gi|2572818541|gb|CP130698.1|	93.701	254	3.68e-98	377	100	Schizosaccharomyces versatilis (nom. inval.) strain CBS 103 chromosome 2
tig00000135_first5kb	gi|2572818541|gb|CP130698.1|	93.307	254	1.71e-96	372	100	Schizosaccharomyces versatilis (nom. inval.) strain CBS 103 chromosome 2
tig00000135_first5kb	gi|2572818540|gb|CP130697.1|	96.046	1745	0.0	2830	99	Schizosaccharomyces versatilis (nom. inval.) strain CBS 103 chromosome 1
tig00000135_first5kb	gi|2572818540|gb|CP130697.1|	93.983	1745	0.0	2628	99	Schizosaccharomyces versatilis (nom. inval.) strain CBS 103 chromosome 1
tig00000135_first5kb	gi|2572818540|gb|CP130697.1|	93.696	1745	0.0	2601	99	Schizosaccharomyces versatilis (nom. inval.) strain CBS 103 chromosome 1
tig00000135_first5kb	gi|2572818540|gb|CP130697.1|	93.639	1745	0.0	2595	99	Schizosaccharomyces versatilis (nom. inval.) strain CBS 103 chromosome 1
tig00000135_first5kb	gi|2572818540|gb|CP130697.1|	93.639	1745	0.0	2595	99	Schizosaccharomyces versatilis (nom. inval.) strain CBS 103 chromosome 1
tig00000135_first5kb	gi|2572818540|gb|CP130697.1|	95.897	1511	0.0	2438	99	Schizosaccharomyces versatilis (nom. inval.) strain CBS 103 chromosome 1
tig00000135_first5kb	gi|2572818540|gb|CP130697.1|	93.117	1511	0.0	2204	99	Schizosaccharomyces versatilis (nom. inval.) strain CBS 103 chromosome 1
tig00000135_first5kb	gi|2572818540|gb|CP130697.1|	93.051	1511	0.0	2198	99	Schizosaccharomyces versatilis (nom. inval.) strain CBS 103 chromosome 1
tig00000135_first5kb	gi|2572818540|gb|CP130697.1|	93.051	1511	0.0	2198	99	Schizosaccharomyces versatilis (nom. inval.) strain CBS 103 chromosome 1
tig00000135_first5kb	gi|2572818540|gb|CP130697.1|	92.852	1511	0.0	2182	99	Schizosaccharomyces versatilis (nom. inval.) strain CBS 103 chromosome 1
tig00000135_first5kb	gi|2572818540|gb|CP130697.1|	96.409	919	0.0	1507	99	Schizosaccharomyces versatilis (nom. inval.) strain CBS 103 chromosome 1
tig00000135_first5kb	gi|2572818540|gb|CP130697.1|	96.934	685	0.0	1142	99	Schizosaccharomyces versatilis (nom. inval.) strain CBS 103 chromosome 1
tig00000135_first5kb	gi|2572818540|gb|CP130697.1|	93.809	533	0.0	785	99	Schizosaccharomyces versatilis (nom. inval.) strain CBS 103 chromosome 1
tig00000135_first5kb	gi|2572818540|gb|CP130697.1|	93.621	533	0.0	780	99	Schizosaccharomyces versatilis (nom. inval.) strain CBS 103 chromosome 1
tig00000135_first5kb	gi|2572818540|gb|CP130697.1|	93.621	533	0.0	778	99	Schizosaccharomyces versatilis (nom. inval.) strain CBS 103 chromosome 1
tig00000135_first5kb	gi|2572818540|gb|CP130697.1|	93.433	533	0.0	773	99	Schizosaccharomyces versatilis (nom. inval.) strain CBS 103 chromosome 1
tig00000135_first5kb	gi|2572818540|gb|CP130697.1|	93.058	533	0.0	763	99	Schizosaccharomyces versatilis (nom. inval.) strain CBS 103 chromosome 1
tig00000135_first5kb	gi|2572818540|gb|CP130697.1|	93.058	533	0.0	763	99	Schizosaccharomyces versatilis (nom. inval.) strain CBS 103 chromosome 1
tig00000135_first5kb	gi|2572818540|gb|CP130697.1|	93.058	533	0.0	763	99	Schizosaccharomyces versatilis (nom. inval.) strain CBS 103 chromosome 1
tig00000135_first5kb	gi|2572818540|gb|CP130697.1|	92.871	533	0.0	756	99	Schizosaccharomyces versatilis (nom. inval.) strain CBS 103 chromosome 1
tig00000135_first5kb	gi|2572818540|gb|CP130697.1|	92.871	533	0.0	756	99	Schizosaccharomyces versatilis (nom. inval.) strain CBS 103 chromosome 1
tig00000135_first5kb	gi|2572818540|gb|CP130697.1|	92.871	533	0.0	756	99	Schizosaccharomyces versatilis (nom. inval.) strain CBS 103 chromosome 1
tig00000135_first5kb	gi|2572818540|gb|CP130697.1|	89.189	259	2.26e-80	318	99	Schizosaccharomyces versatilis (nom. inval.) strain CBS 103 chromosome 1
tig00000135_first5kb	gi|2572818540|gb|CP130697.1|	88.716	257	1.36e-77	309	99	Schizosaccharomyces versatilis (nom. inval.) strain CBS 103 chromosome 1
tig00000135_first5kb	gi|2572818540|gb|CP130697.1|	88.417	259	1.76e-76	305	99	Schizosaccharomyces versatilis (nom. inval.) strain CBS 103 chromosome 1
tig00000135_first5kb	gi|2572818540|gb|CP130697.1|	88.417	259	1.76e-76	305	99	Schizosaccharomyces versatilis (nom. inval.) strain CBS 103 chromosome 1
tig00000135_first5kb	gi|2572818540|gb|CP130697.1|	88.417	259	1.76e-76	305	99	Schizosaccharomyces versatilis (nom. inval.) strain CBS 103 chromosome 1
tig00000135_first5kb	gi|2572818540|gb|CP130697.1|	88.417	259	1.76e-76	305	99	Schizosaccharomyces versatilis (nom. inval.) strain CBS 103 chromosome 1
tig00000135_first5kb	gi|2572818540|gb|CP130697.1|	88.327	257	2.28e-75	302	99	Schizosaccharomyces versatilis (nom. inval.) strain CBS 103 chromosome 1
tig00000135_first5kb	gi|2572818540|gb|CP130697.1|	88.327	257	2.28e-75	302	99	Schizosaccharomyces versatilis (nom. inval.) strain CBS 103 chromosome 1
tig00000135_first5kb	gi|2572818540|gb|CP130697.1|	88.327	257	2.28e-75	302	99	Schizosaccharomyces versatilis (nom. inval.) strain CBS 103 chromosome 1
tig00000135_first5kb	gi|2572818540|gb|CP130697.1|	88.327	257	2.28e-75	302	99	Schizosaccharomyces versatilis (nom. inval.) strain CBS 103 chromosome 1
tig00000135_first5kb	gi|2572818540|gb|CP130697.1|	90.164	183	3.92e-53	228	99	Schizosaccharomyces versatilis (nom. inval.) strain CBS 103 chromosome 1
tig00000135_first5kb	gi|2572818540|gb|CP130697.1|	89.785	186	3.92e-53	228	99	Schizosaccharomyces versatilis (nom. inval.) strain CBS 103 chromosome 1
tig00000135_first5kb	gi|2572818540|gb|CP130697.1|	89.503	181	8.49e-50	217	99	Schizosaccharomyces versatilis (nom. inval.) strain CBS 103 chromosome 1
tig00000135_first5kb	gi|2572818540|gb|CP130697.1|	97.000	100	2.41e-35	169	99	Schizosaccharomyces versatilis (nom. inval.) strain CBS 103 chromosome 1
tig00000135_first5kb	gi|2572818540|gb|CP130697.1|	97.000	100	2.41e-35	169	99	Schizosaccharomyces versatilis (nom. inval.) strain CBS 103 chromosome 1
tig00000135_first5kb	gi|2572818540|gb|CP130697.1|	97.000	100	2.41e-35	169	99	Schizosaccharomyces versatilis (nom. inval.) strain CBS 103 chromosome 1
tig00000135_first5kb	gi|2572818540|gb|CP130697.1|	97.000	100	2.41e-35	169	99	Schizosaccharomyces versatilis (nom. inval.) strain CBS 103 chromosome 1
tig00000135_first5kb	gi|2572818540|gb|CP130697.1|	97.000	100	2.41e-35	169	99	Schizosaccharomyces versatilis (nom. inval.) strain CBS 103 chromosome 1
tig00000135_first5kb	gi|2572818540|gb|CP130697.1|	96.000	100	4.03e-33	161	99	Schizosaccharomyces versatilis (nom. inval.) strain CBS 103 chromosome 1
tig00000135_first5kb	gi|2572818540|gb|CP130697.1|	96.000	100	4.03e-33	161	99	Schizosaccharomyces versatilis (nom. inval.) strain CBS 103 chromosome 1
tig00000135_first5kb	gi|2572818540|gb|CP130697.1|	96.000	100	4.03e-33	161	99	Schizosaccharomyces versatilis (nom. inval.) strain CBS 103 chromosome 1
tig00000135_first5kb	gi|2572818540|gb|CP130697.1|	96.000	100	4.03e-33	161	99	Schizosaccharomyces versatilis (nom. inval.) strain CBS 103 chromosome 1
tig00000135_first5kb	gi|2572818540|gb|CP130697.1|	96.000	100	4.03e-33	161	99	Schizosaccharomyces versatilis (nom. inval.) strain CBS 103 chromosome 1
tig00000135_first5kb	gi|2572818540|gb|CP130697.1|	91.919	99	2.44e-25	135	99	Schizosaccharomyces versatilis (nom. inval.) strain CBS 103 chromosome 1
tig00000135_first5kb	gi|2572818540|gb|CP130697.1|	91.667	96	1.14e-23	130	99	Schizosaccharomyces versatilis (nom. inval.) strain CBS 103 chromosome 1
tig00000135_first5kb	gi|2572818540|gb|CP130697.1|	90.196	102	1.14e-23	130	99	Schizosaccharomyces versatilis (nom. inval.) strain CBS 103 chromosome 1
tig00000135_first5kb	gi|2572818542|gb|CP130699.1|	94.097	1745	0.0	2639	99	Schizosaccharomyces versatilis (nom. inval.) strain CBS 103 chromosome 3
tig00000135_first5kb	gi|2572818542|gb|CP130699.1|	92.852	1511	0.0	2182	99	Schizosaccharomyces versatilis (nom. inval.) strain CBS 103 chromosome 3
tig00000135_first5kb	gi|2572818542|gb|CP130699.1|	93.809	533	0.0	785	99	Schizosaccharomyces versatilis (nom. inval.) strain CBS 103 chromosome 3
tig00000135_first5kb	gi|2572818542|gb|CP130699.1|	93.621	533	0.0	778	99	Schizosaccharomyces versatilis (nom. inval.) strain CBS 103 chromosome 3
tig00000135_first5kb	gi|2572818542|gb|CP130699.1|	89.453	256	2.26e-80	318	99	Schizosaccharomyces versatilis (nom. inval.) strain CBS 103 chromosome 3
tig00000135_first5kb	gi|2572818542|gb|CP130699.1|	88.976	254	1.36e-77	309	99	Schizosaccharomyces versatilis (nom. inval.) strain CBS 103 chromosome 3
tig00000135_first5kb	gi|2572818542|gb|CP130699.1|	90.556	180	3.92e-53	228	99	Schizosaccharomyces versatilis (nom. inval.) strain CBS 103 chromosome 3
tig00000135_first5kb	gi|2572818542|gb|CP130699.1|	90.411	146	5.14e-42	191	99	Schizosaccharomyces versatilis (nom. inval.) strain CBS 103 chromosome 3
tig00000135_first5kb	gi|2572818542|gb|CP130699.1|	90.411	146	5.14e-42	191	99	Schizosaccharomyces versatilis (nom. inval.) strain CBS 103 chromosome 3
tig00000135_first5kb	gi|2572818542|gb|CP130699.1|	90.411	146	5.14e-42	191	99	Schizosaccharomyces versatilis (nom. inval.) strain CBS 103 chromosome 3
tig00000135_first5kb	gi|2572818542|gb|CP130699.1|	90.411	146	5.14e-42	191	99	Schizosaccharomyces versatilis (nom. inval.) strain CBS 103 chromosome 3
tig00000135_first5kb	gi|2572818542|gb|CP130699.1|	90.411	146	5.14e-42	191	99	Schizosaccharomyces versatilis (nom. inval.) strain CBS 103 chromosome 3
tig00000135_first5kb	gi|2572818542|gb|CP130699.1|	90.411	146	5.14e-42	191	99	Schizosaccharomyces versatilis (nom. inval.) strain CBS 103 chromosome 3
tig00000135_first5kb	gi|2572818542|gb|CP130699.1|	90.411	146	5.14e-42	191	99	Schizosaccharomyces versatilis (nom. inval.) strain CBS 103 chromosome 3
tig00000135_first5kb	gi|2572818542|gb|CP130699.1|	90.411	146	5.14e-42	191	99	Schizosaccharomyces versatilis (nom. inval.) strain CBS 103 chromosome 3
tig00000135_first5kb	gi|2572818542|gb|CP130699.1|	90.411	146	5.14e-42	191	99	Schizosaccharomyces versatilis (nom. inval.) strain CBS 103 chromosome 3
tig00000135_first5kb	gi|2572818542|gb|CP130699.1|	90.411	146	5.14e-42	191	99	Schizosaccharomyces versatilis (nom. inval.) strain CBS 103 chromosome 3
tig00000135_first5kb	gi|2572818542|gb|CP130699.1|	90.411	146	5.14e-42	191	99	Schizosaccharomyces versatilis (nom. inval.) strain CBS 103 chromosome 3
tig00000135_first5kb	gi|2572818542|gb|CP130699.1|	90.411	146	5.14e-42	191	99	Schizosaccharomyces versatilis (nom. inval.) strain CBS 103 chromosome 3
tig00000135_first5kb	gi|2572818542|gb|CP130699.1|	90.411	146	5.14e-42	191	99	Schizosaccharomyces versatilis (nom. inval.) strain CBS 103 chromosome 3
tig00000135_first5kb	gi|2572818542|gb|CP130699.1|	90.411	146	5.14e-42	191	99	Schizosaccharomyces versatilis (nom. inval.) strain CBS 103 chromosome 3
tig00000135_first5kb	gi|2572818542|gb|CP130699.1|	90.411	146	5.14e-42	191	99	Schizosaccharomyces versatilis (nom. inval.) strain CBS 103 chromosome 3
tig00000135_first5kb	gi|2572818542|gb|CP130699.1|	90.411	146	5.14e-42	191	99	Schizosaccharomyces versatilis (nom. inval.) strain CBS 103 chromosome 3
tig00000135_first5kb	gi|2572818542|gb|CP130699.1|	90.411	146	5.14e-42	191	99	Schizosaccharomyces versatilis (nom. inval.) strain CBS 103 chromosome 3
tig00000135_first5kb	gi|2572818542|gb|CP130699.1|	90.411	146	5.14e-42	191	99	Schizosaccharomyces versatilis (nom. inval.) strain CBS 103 chromosome 3
tig00000135_first5kb	gi|2572818542|gb|CP130699.1|	90.411	146	5.14e-42	191	99	Schizosaccharomyces versatilis (nom. inval.) strain CBS 103 chromosome 3
tig00000135_first5kb	gi|2572818542|gb|CP130699.1|	90.411	146	5.14e-42	191	99	Schizosaccharomyces versatilis (nom. inval.) strain CBS 103 chromosome 3
tig00000135_first5kb	gi|2572818542|gb|CP130699.1|	90.411	146	5.14e-42	191	99	Schizosaccharomyces versatilis (nom. inval.) strain CBS 103 chromosome 3
tig00000135_first5kb	gi|2572818542|gb|CP130699.1|	90.411	146	5.14e-42	191	99	Schizosaccharomyces versatilis (nom. inval.) strain CBS 103 chromosome 3
tig00000135_first5kb	gi|2572818542|gb|CP130699.1|	90.411	146	5.14e-42	191	99	Schizosaccharomyces versatilis (nom. inval.) strain CBS 103 chromosome 3
tig00000135_first5kb	gi|2572818542|gb|CP130699.1|	90.411	146	5.14e-42	191	99	Schizosaccharomyces versatilis (nom. inval.) strain CBS 103 chromosome 3
tig00000135_first5kb	gi|2572818542|gb|CP130699.1|	90.411	146	5.14e-42	191	99	Schizosaccharomyces versatilis (nom. inval.) strain CBS 103 chromosome 3
tig00000135_first5kb	gi|2572818542|gb|CP130699.1|	90.411	146	5.14e-42	191	99	Schizosaccharomyces versatilis (nom. inval.) strain CBS 103 chromosome 3
tig00000135_first5kb	gi|2572818542|gb|CP130699.1|	90.411	146	5.14e-42	191	99	Schizosaccharomyces versatilis (nom. inval.) strain CBS 103 chromosome 3
tig00000135_first5kb	gi|2572818542|gb|CP130699.1|	90.411	146	5.14e-42	191	99	Schizosaccharomyces versatilis (nom. inval.) strain CBS 103 chromosome 3
tig00000135_first5kb	gi|2572818542|gb|CP130699.1|	90.411	146	5.14e-42	191	99	Schizosaccharomyces versatilis (nom. inval.) strain CBS 103 chromosome 3
tig00000135_first5kb	gi|2572818542|gb|CP130699.1|	90.411	146	5.14e-42	191	99	Schizosaccharomyces versatilis (nom. inval.) strain CBS 103 chromosome 3
tig00000135_first5kb	gi|2572818542|gb|CP130699.1|	90.411	146	5.14e-42	191	99	Schizosaccharomyces versatilis (nom. inval.) strain CBS 103 chromosome 3
tig00000135_first5kb	gi|2572818542|gb|CP130699.1|	89.726	146	2.39e-40	185	99	Schizosaccharomyces versatilis (nom. inval.) strain CBS 103 chromosome 3
tig00000135_first5kb	gi|2572818542|gb|CP130699.1|	89.726	146	2.39e-40	185	99	Schizosaccharomyces versatilis (nom. inval.) strain CBS 103 chromosome 3
tig00000135_first5kb	gi|2572818542|gb|CP130699.1|	89.726	146	2.39e-40	185	99	Schizosaccharomyces versatilis (nom. inval.) strain CBS 103 chromosome 3
tig00000135_first5kb	gi|2572818542|gb|CP130699.1|	89.726	146	2.39e-40	185	99	Schizosaccharomyces versatilis (nom. inval.) strain CBS 103 chromosome 3
tig00000135_first5kb	gi|2572818542|gb|CP130699.1|	89.726	146	2.39e-40	185	99	Schizosaccharomyces versatilis (nom. inval.) strain CBS 103 chromosome 3
tig00000135_first5kb	gi|2572818542|gb|CP130699.1|	89.726	146	2.39e-40	185	99	Schizosaccharomyces versatilis (nom. inval.) strain CBS 103 chromosome 3
tig00000135_first5kb	gi|2572818542|gb|CP130699.1|	89.726	146	2.39e-40	185	99	Schizosaccharomyces versatilis (nom. inval.) strain CBS 103 chromosome 3
tig00000135_first5kb	gi|2572818542|gb|CP130699.1|	89.726	146	2.39e-40	185	99	Schizosaccharomyces versatilis (nom. inval.) strain CBS 103 chromosome 3
tig00000135_first5kb	gi|2572818542|gb|CP130699.1|	89.726	146	2.39e-40	185	99	Schizosaccharomyces versatilis (nom. inval.) strain CBS 103 chromosome 3
tig00000135_first5kb	gi|2572818542|gb|CP130699.1|	89.726	146	2.39e-40	185	99	Schizosaccharomyces versatilis (nom. inval.) strain CBS 103 chromosome 3
tig00000135_first5kb	gi|2572818542|gb|CP130699.1|	89.726	146	2.39e-40	185	99	Schizosaccharomyces versatilis (nom. inval.) strain CBS 103 chromosome 3
tig00000135_first5kb	gi|2572818542|gb|CP130699.1|	89.726	146	2.39e-40	185	99	Schizosaccharomyces versatilis (nom. inval.) strain CBS 103 chromosome 3
tig00000135_first5kb	gi|2572818542|gb|CP130699.1|	89.726	146	2.39e-40	185	99	Schizosaccharomyces versatilis (nom. inval.) strain CBS 103 chromosome 3
tig00000135_first5kb	gi|2572818542|gb|CP130699.1|	89.726	146	2.39e-40	185	99	Schizosaccharomyces versatilis (nom. inval.) strain CBS 103 chromosome 3
tig00000135_first5kb	gi|2572818542|gb|CP130699.1|	89.726	146	2.39e-40	185	99	Schizosaccharomyces versatilis (nom. inval.) strain CBS 103 chromosome 3
tig00000135_first5kb	gi|2572818542|gb|CP130699.1|	89.726	146	2.39e-40	185	99	Schizosaccharomyces versatilis (nom. inval.) strain CBS 103 chromosome 3
tig00000135_first5kb	gi|2572818542|gb|CP130699.1|	89.726	146	2.39e-40	185	99	Schizosaccharomyces versatilis (nom. inval.) strain CBS 103 chromosome 3
tig00000135_first5kb	gi|2572818542|gb|CP130699.1|	89.726	146	2.39e-40	185	99	Schizosaccharomyces versatilis (nom. inval.) strain CBS 103 chromosome 3
tig00000135_first5kb	gi|2572818542|gb|CP130699.1|	89.726	146	2.39e-40	185	99	Schizosaccharomyces versatilis (nom. inval.) strain CBS 103 chromosome 3
tig00000135_first5kb	gi|2572818542|gb|CP130699.1|	89.726	146	2.39e-40	185	99	Schizosaccharomyces versatilis (nom. inval.) strain CBS 103 chromosome 3
tig00000135_first5kb	gi|2572818542|gb|CP130699.1|	89.726	146	2.39e-40	185	99	Schizosaccharomyces versatilis (nom. inval.) strain CBS 103 chromosome 3
tig00000135_first5kb	gi|2572818542|gb|CP130699.1|	89.726	146	2.39e-40	185	99	Schizosaccharomyces versatilis (nom. inval.) strain CBS 103 chromosome 3
tig00000135_first5kb	gi|2572818542|gb|CP130699.1|	89.726	146	2.39e-40	185	99	Schizosaccharomyces versatilis (nom. inval.) strain CBS 103 chromosome 3
tig00000135_first5kb	gi|2572818542|gb|CP130699.1|	89.726	146	2.39e-40	185	99	Schizosaccharomyces versatilis (nom. inval.) strain CBS 103 chromosome 3
tig00000135_first5kb	gi|2572818542|gb|CP130699.1|	89.726	146	2.39e-40	185	99	Schizosaccharomyces versatilis (nom. inval.) strain CBS 103 chromosome 3
tig00000135_first5kb	gi|2572818542|gb|CP130699.1|	89.726	146	2.39e-40	185	99	Schizosaccharomyces versatilis (nom. inval.) strain CBS 103 chromosome 3
tig00000135_first5kb	gi|2572818542|gb|CP130699.1|	89.726	146	2.39e-40	185	99	Schizosaccharomyces versatilis (nom. inval.) strain CBS 103 chromosome 3
tig00000135_first5kb	gi|2572818542|gb|CP130699.1|	89.726	146	2.39e-40	185	99	Schizosaccharomyces versatilis (nom. inval.) strain CBS 103 chromosome 3
tig00000135_first5kb	gi|2572818542|gb|CP130699.1|	89.726	146	2.39e-40	185	99	Schizosaccharomyces versatilis (nom. inval.) strain CBS 103 chromosome 3
tig00000135_first5kb	gi|2572818542|gb|CP130699.1|	89.726	146	2.39e-40	185	99	Schizosaccharomyces versatilis (nom. inval.) strain CBS 103 chromosome 3
tig00000135_first5kb	gi|2572818542|gb|CP130699.1|	89.726	146	2.39e-40	185	99	Schizosaccharomyces versatilis (nom. inval.) strain CBS 103 chromosome 3
tig00000135_first5kb	gi|2572818542|gb|CP130699.1|	89.726	146	2.39e-40	185	99	Schizosaccharomyces versatilis (nom. inval.) strain CBS 103 chromosome 3
tig00000135_first5kb	gi|2572818542|gb|CP130699.1|	89.041	146	1.11e-38	180	99	Schizosaccharomyces versatilis (nom. inval.) strain CBS 103 chromosome 3
tig00000135_first5kb	gi|2572818542|gb|CP130699.1|	97.000	100	2.41e-35	169	99	Schizosaccharomyces versatilis (nom. inval.) strain CBS 103 chromosome 3
tig00000135_first5kb	gi|2572818542|gb|CP130699.1|	96.000	100	4.03e-33	161	99	Schizosaccharomyces versatilis (nom. inval.) strain CBS 103 chromosome 3
tig00000135_first5kb	gi|2572818542|gb|CP130699.1|	91.667	96	1.14e-23	130	99	Schizosaccharomyces versatilis (nom. inval.) strain CBS 103 chromosome 3
tig00000135_mid5kb	gi|2572818541|gb|CP130698.1|	99.760	5000	0.0	9167	100	Schizosaccharomyces versatilis (nom. inval.) strain CBS 103 chromosome 2
tig00000135_mid5kb	gi|2531961470|emb|OY279579.1|	99.040	5001	0.0	8968	100	Schizosaccharomyces japonicus strain CBS5679 genome assembly, chromosome: 1
tig00000135_mid5kb	gi|2572811386|gb|CP133359.1|	85.575	5040	0.0	5208	100	Schizosaccharomyces japonicus strain yFS275 chromosome 1
tig00000029_first5kb	gi|2572818540|gb|CP130697.1|	99.820	5001	0.0	9184	100	Schizosaccharomyces versatilis (nom. inval.) strain CBS 103 chromosome 1
tig00000029_first5kb	gi|2531961472|emb|OY279580.1|	99.201	5006	0.0	9018	100	Schizosaccharomyces japonicus strain CBS5679 genome assembly, chromosome: 2
tig00000029_first5kb	gi|2572811394|gb|CP133360.1|	86.968	5049	0.0	5607	100	Schizosaccharomyces japonicus strain yFS275 chromosome 2
tig00000029_mid5kb	gi|2572818540|gb|CP130697.1|	99.880	5000	0.0	9201	100	Schizosaccharomyces versatilis (nom. inval.) strain CBS 103 chromosome 1
tig00000029_mid5kb	gi|2531961472|emb|OY279580.1|	99.380	5000	0.0	9062	100	Schizosaccharomyces japonicus strain CBS5679 genome assembly, chromosome: 2
tig00000029_mid5kb	gi|2572811394|gb|CP133360.1|	91.381	5012	0.0	6842	100	Schizosaccharomyces japonicus strain yFS275 chromosome 2
